/*
SQLyog Ultimate v12.08 (64 bit)
MySQL - 5.7.27 : Database - myoa
*********************************************************************
*/

/*!40101 SET NAMES utf8 */;

/*!40101 SET SQL_MODE=''*/;

/*!40014 SET @OLD_UNIQUE_CHECKS=@@UNIQUE_CHECKS, UNIQUE_CHECKS=0 */;
/*!40014 SET @OLD_FOREIGN_KEY_CHECKS=@@FOREIGN_KEY_CHECKS, FOREIGN_KEY_CHECKS=0 */;
/*!40101 SET @OLD_SQL_MODE=@@SQL_MODE, SQL_MODE='NO_AUTO_VALUE_ON_ZERO' */;
/*!40111 SET @OLD_SQL_NOTES=@@SQL_NOTES, SQL_NOTES=0 */;
CREATE DATABASE /*!32312 IF NOT EXISTS*/`myoa` /*!40100 DEFAULT CHARACTER SET utf8 */;

USE `myoa`;

/*Table structure for table `act_ge_bytearray` */

DROP TABLE IF EXISTS `act_ge_bytearray`;

CREATE TABLE `act_ge_bytearray` (
  `ID_` varchar(64) COLLATE utf8_bin NOT NULL,
  `REV_` int(11) DEFAULT NULL,
  `NAME_` varchar(255) COLLATE utf8_bin DEFAULT NULL,
  `DEPLOYMENT_ID_` varchar(64) COLLATE utf8_bin DEFAULT NULL,
  `BYTES_` longblob,
  `GENERATED_` tinyint(4) DEFAULT NULL,
  PRIMARY KEY (`ID_`),
  KEY `ACT_FK_BYTEARR_DEPL` (`DEPLOYMENT_ID_`),
  CONSTRAINT `ACT_FK_BYTEARR_DEPL` FOREIGN KEY (`DEPLOYMENT_ID_`) REFERENCES `act_re_deployment` (`ID_`)
) ENGINE=InnoDB DEFAULT CHARSET=utf8 COLLATE=utf8_bin;

/*Data for the table `act_ge_bytearray` */

insert  into `act_ge_bytearray`(`ID_`,`REV_`,`NAME_`,`DEPLOYMENT_ID_`,`BYTES_`,`GENERATED_`) values ('2002',1,'LeaveBillProcess.png','2001','PNG\r\n\Z\n\0\0\0\rIHDR\0\0<\0\0\0\0\0:$\'\0\0\"IDATxql}q\"]X`c0l8`	,(&Ð-l5aX<ahu5b;=3]-e9Ʊ\Z:S%zDIG<LyCx|\0\0\0ʾ\0\0\0@c\0\0\0Bv\0\0\0%\0\0 h\0\0P\0\0\0Bv\0\0\0%\0\0 h\0\0P\0\0\0Bv\0\0\0%\0\0 h\0\0P\0\0\0Bv\0\0\0%\0\0 h\0\0P\0\0\0Bv\0\0\0%\0\0 h\0\0P\0\0\0Bv\0\0\0%\0\0 h\0\0P\0\0\0Bv\0\0\0%\0\0 h\0\0P\0\0\0Bv\0\0\0%\0\0 h\0\0P\0\0\0Bv\0\0\0%\0\0 h\0\0P\0\0\0Bv\0\0\0%\0\0 h\0\0P\0\0\0Bv\0\0\0%\0\0 h\0\0P\0\0\0Bv\0\0\0%\0\0 h\0\0P\0\0\0Bv\0\0\0%\0\0 h\0\0P\0\0\0Bv\0\0\0%\0\0 h\0\0P\0\0\0Bv\0\0\0%\0\0 h\0\0P\0\0\0Bv\0\0\0%\0\0 h\0\0P\0\0\0Bv\0\0\0%\0\0 h\0\0P\0\0\0Bv\0\0\0%\0\0 h\0\0P\0\0\0Bv\0\0\0%\0\0 h\0\0P\0\0\0Bv\0\0\0%\0\0 h\0\0P\0\0\0Bv\0\0\0%\0\0 h\0\0P\0\0\0Bv\0\0\0%\0\0 h\0\0P\0\0\0Bv\0\0\0%\0\0 h\0\0P\0\0\0Bv\0\0\0%\0\0 h\0\0P\0\0\0Bv\0\0\0%\0\0 h\0\0P\0\0\0Bv\0\0\0%\0\0 h\0\0P\0\0\0Bv\0\0\0%\0\0 h\0\0P\0\0\0Bv\0\0\0%\0\0 h\0\0P\0\0\0Bv\0\0\0%\0\0 h\0\0P\0\0\0Bv\0\0\0%\0\0 h\0\0P\0\0\0Bv\0\0\0%\0\0 h\0\0P\0\0\0Bv\0\0\0%\0\0 h\0\0P\0\0\0Bv\0\0\0%\0\0 h\0\0P\0\0\0Bv\0\0\0%\0\0 h\0\0P\0\0\0Bv\0\0\0%\0\0 h\0\0P\0\0\0Bv\0\0\0%\0\0 h\0\0P\0\0\0Bv\0\0\0%\0\0 h\0\0P\0\0\0Bv\0\0\0%\0\0 h\0\0P\0\0\0Bv\0\0\0%\0\0 h\0\0P\0\0\0Bv\0\0\0%\0\0 h\0\0P\0\0\0Bv\0\0\0%\0\0 h\0\0P\0\0\0Bv\0\0\0%\0\0 h\0\0P\0\0\0Bv\0\0\0%\0\0 h\0\0P\0\0\0Bv\0\0\0%\0\0 h\0\0P\0\0\0Bv\0\0\0%\0\0 h\0\0P\0\0\0Bv\0\0\0%\0\0 h\0\0P\0\0\0Bv\0\0\0%\0\0 h\0\0P\0\0\0Bv\0\0\0%\0\0 h\0\0P\0\0\0Bv\0\0\0%\0\0 h\0\0P\0\0\0Bv\0\0\0%\0\0 h\0\0P\0\0\0Bv\0\0\0%\0\0 h\0\0P\0\0\0Bv\0\0\0%\0\0 h\0\0P\0\0\0Bv\0\0\0%\0\0 h\0\0P\0\0\0Bv\0\0\0%\0\0 h\0\0P\0\0\0Bv\0\0\0%\0\0 h\0\0P\0\0\0Bv\0\0\0%\0\0 h\0\0P\0\0\0Bv\0\0\0%\0\0 h\0\0P\0\0\0Bv\0\0\0%\0\0 h\0\0P\0\0\0Bv\0\0\0%\0\0 h\0\0P\0\0\0Bv\0\0\0%\0\0 h\0\0P\0\0\0Bv\0\0\0%\0\0 h\0\0P\0\0\0Bv\0\0\0%\0\0 h\0\0P\0\0\0Bv\0\0\0%\0\0 h\0\0P\0\0\0Bv\0\0\0%\0\0 h\0\0P\0\0\0Bv\0\0\0%ځT*񑑑^U{MMMϗ=6`	nww\01Xǋxg{s-,*x;w1)MYt\0ahf~~~bbbϞ=:mᚵ|]|b\rŃs&4xm	&v`ME-?~-\\ZO=Ν;W&h\'\0\'ځ5MLL,Vsܽ=L{dN\06O?~|Ϟ/\\X<pwǘ	\n \0th\ZT*o=pu/ven	`	@vFQoȴV=דen	`	@vcOj{Z}F]z뇞UoJo~X\'_WK?w/e|p٣[b&؃+j\0)h`hhW_ꕛwW~~/~O]{{zjչJ?W҃Ken	`	@vJ233#`޹˵U47WoGϿo?{׫.TP-/~g1.*ՙ	ʙ`+5<\0548*N{U[O=C=<>>^ڵ8+ζd*>rzKW{~OnV.ܬ^[^~um{j	`o	6W5ź`xxȑ#Eۗ}(8A3gΌ^E_[||{T8q;œW_F՟^.T׮^_?ݻ/~em{j	`o	k׮``eq\0J~ld,\n羵n/_/|zK~d4՟Wه՗g>_KSw?X0&hr&Z3bbbs_o.}Vz={gV\0tJ\r^㓓mÇGFFbI|}~pʭg.~X}ٿ~;?Z|[7<y&hr&B~?ƹsM߹T)O9s]Bm(kzzz^|w_W<hwV{/6Wsj*KWE2+nS+\'L{sLp|m+߶ԩSe\0]xlp/Kn|k>zW^;׷ONNW~p_ǣwo\'M7Wj^ݏ8OAc_V;AnUױcO[+-ϗH\r/~q\r{j	`o	֍קSmgdd{m̙3,ں9r`drM7Wkfffžؗ~Cs\0tIֱ\r˧;z^$+ncrM7WkFGGG;r;3:A{m@&pjw	`o	k;rxE\0!FFF}Kl/ŏ,ϬvWN0	ʙ`uQGk({膠c$/NkkΝ9o?]9`&؛+gQ;4{}u`m\'N({Gr)6755511ܩ%~1.lrmx#7ix\rNlZ}\r߰!n	uv/ds&X5ǋ_z+.5\0(h۷ȑ#[\Z>n믿^;?}رxґs_;өf0tam=\rv\'/um\ron{˓͙`qԨ}v4]vum(h>3[\Zo;w]]ۣJO|vO~O|kFVlph&Zl~o	;^L|\rvvz->,dRL8j>ǎxQ`\Z\0ECKޖ._Nqͧ>/˵*>q\'^+NW_6^GO}˷}7yV:V_#M\'Kz/&l`#ݙloEǎ_~CK3&\'a6\\7Z\\k/o-nōofo	Xm.r[թ۞\\ʫ/_k}Mƾe|db&X7ΝۊE}er~CK{l;uw/\'եgZgͯ+.\\_$#|;MCi}W\'O熏ZlF-:v׶~CKMkvDřW.+mM5϶Y<}Z\r6pŅ?=ݦlAnxyo3m87ds&X+߹T۸jZ211ѣ[\Z\'aΝ]ۣ7|tttppprr8\\orŉn7Y7pŅ-ޙ7g	ֿ~OMImk{L8jwxݳgkP-9tli?~޽_NLMM5|MP<_ycagco70kc[Wnxn>zp\rheͿ7Kl<X۵{Ǐ8Px7RvhIqN688ѾgϞǏKOZ[r:ͯ?\\}\ZfGS{!u:50O~.O6g-]ݻk*{Gr)6ȷ8+Njo͹MHnk]vݒNQ[⇫:>>ַ!2r\'3`!:v/o^X|\0nKA6c/{?xM-׮+>-7\nomenICui篹_!m}iݖ\\ַCW[.w9,LNNvyǎ|SXٻ@7 \\R܊wk/NkeGϒlM_aŇ]ߟvo({tK:G>kw:l	fhݒwgﬆLC͙`uM:r8!9s]mozzf.ù\reapnV\\7Zr٣[ҩ	6Z3w߸⶛`V&WEds&XsС.o8wW%Y6{NٳWNgx	4\\9۵kW-.{3*ME8-wlp;woΥ$8+{VZZ`0A͕3zl\r,οvO8Qn=q67;;[tf0穧){\Z=L{sLp//u8W:TU6w̙;v\'RyU|Q^]7_]9`&؛+g+ԟo[}V`\0ЃBmo~~~=w.cؗkZX`0A͕3fggxAd*Zٳgxޔ{l|J8ߺ\"[|Ǐ-E}YYݕ&hr&#<Ν;<гm-\'R>hտd\'+wʾ[[`0A͕3&D8_mddԩSee\0ʴ\rm-T*<~\0(f?7grM7WU5Bq^q;rgvG?7Zm`0A͕3A\06qwghhh-1A5A\04p/~\nztbb-1A5A\0407774+T^Y}jqGMWSD;#Yov||}	`O	@GvJ22NjUpṡ_?Y>MwV#D;ggg3ZNՀ	`/	vSNp?V_VǆOOejM&hʟ \0lhQT&\'\'FF~mj_]j5?eh&h^@KN81170PX`˙v\'\0#\0\0 h\0\0P\0\0\0Bv\0\0\0%\0\0 h\0\0P\0\0\0Bv\0\0\0%\0\0 h\0\0P\0\0\0Bv\0\0\0%\0\0 h\0\0P\0\0\0Bv\0\0\0%\0\0 h\0\0P\0\0\0Bv\0\0\0%\0\0 h\0\0P\0\0\0Bv\0\0\0%\0\0 h\0\0P\0\0\0Bv\0\0\0%\0\0 h\0\0P\0\0\0Bv\0\0\0%\0\0 h\0\0P\0\0\0Bv\0\0\0%\0\0 h\0\0P\0\0\0Bv\0\0\0%\0\0 h\0\0P\0\0\0Bv\0\0\0%\0\0 h\0\0P\0\0\0Bv\0\0\0%\0\0 h\0\0P\0\0\0Bv\0\0\0%\0\0 h\0\0P\0\0\0Bv\0\0\0%\0\0 h\0\0P\0\0\0Bv\0\0\0%\0\0 h\0\0P\0\0\0Bv\0\0\0%\0\0 h\0\0P\0\0\0Bv\0\0\0%\0\0 h\0\0P\0\0\0Bv\0\0\0%\0\0 h\0\0P\0\0\0Bv\0\0\0%\0\0 h\0\0P\0\0\0Bv\0\0\0%\0\0 h\0\0P\0\0\0Bv\0\0\0%\0\0 h\0\0P\0\0\0Bv\0\0\0%\0\0 h\0\0P\0\0\0Bv\0\0\0%\0\0 h\0\0P\0\0\0Bv\0\0\0%\0\0 h\0\0P\0\0\0Bv\0\0\0%\0\0 h\0\0P\0\0\0Bv\0\0\0%\0\0 h\0\0P\0\0\0Bv\0\0\0%\0\0 h\0\0P\0\0\0Bv\0\0\0%\0\0 h\0\0P\0\0\0Bv\0\0\0%\0\0 h\0\0P\0\0\0Bv\0\0\0%\0\0 h\0\0P\0\0\0Bv\0\0\0%\0\0 h\0\0P\0\0\0Bv\0\0\0%\0\0 h\0\0P\0\0\0Bv\0\0\0%\0\0 h\0\0P\0\0\0Bv\0\0\0%\0\0 h\0\0P\0\0\0Bv\0\0\0%\0\0 h\0\0P\0\0\0Bv\0\0\0%\0\0 h\0\0P\0\0\0Bv\0\0\0%\0\0 h\0\0P\0\0\0Bv\0\0\0%\0\0 h\0\0P\0\0\0Bv\0\0\0%\0\0 h\0\0P\0\0\0Bv\0\0\0%\0\0 h\0\0P\0\0\0Bv\0\0\0%\0\0 h\0\0P\0\0\0Bv\0\0\0%\0\0 h\0\0P\0\0\0Bv\0\0\0%\0\0 h\0\0P\0\0\0Bv\0\0\0%\0\0 h\0\0P\0\0\0Bv\0\0\0%\0\0 h\0\0P\0\0\0Bv\0\0\0%\0\0 h\0\0P\0\0\0Bv\0\0\0%\0\0 h\0\0P\0\0\0Bv\0\0\0%\0\0 h\0\0P\0\0\0Bv\0\0\0%\0\0 h\0\0P\0\0\0Bv\0\0\0%\0\0 h\0\0P\0\0\0Bv\0\0\0%\0\0 h\0\0P\0\0\0Bv\0\0\0%\0\0 h\0\0P\0\0\0Bv\0\0\0%\0\0 h\0\0P\0\0\0Bv\0\0\0%\0\0 h\0\0P\0\0\0Bv\0\0\0%\0\0 h\0\0P\0\0\0Bv\0\0\0%\0\0 h\0\0P\0\0\0Bv\0\0\0%\0\0 h\0\0P\0\0\0Bv\0\0\0%\0\0 h\0\0P\0\0\0Bv\0\0\0%\0\0 h\0\0P\0\0\0Bv\0\0\0%\0\0 h\0\0P\0\0\0Bv\0\0\0%\0\0 h\0\0P\0\0\0Bv\0\0\0%\0\0 h\0\0P\0\0\0Bv\0\0\0%\0\0 h\0\0P\0\0\0Bv\0\0\0%\0\0 h\0\0P\0\0\0Bv\0\0\0%\0\0 h\0\0P\0\0\0Bv\0\0\0%\0\0 h\0\0P\0\0\0Bv\0\0\0%\0\0 h\0\0P\0\0\0Bv\0\0\0%\0\0 h\0\0P\0\0\0Bv\0\0\0%\0\0 h\0\0P\0\0\0Bv\0\0\0%\0\0 h\0\0P\0\0\0Bv\0\0\0%\0\0 h\0\0P\0\0\0Bv\0\0\0%\0\0 h\0\0P\0\0\0Bv\0\0\0%\0\0 h\0\0P\0\0\0Bv\0\0\0%\0\0 h\0\0P\0\0\0Bv\0\0\0%\0\0 h\0\0P\0\0\0Bv\0\0\0%\0\0 h\0\0P\0\0\0Bv\0\0\0%\0\0 h\0\0P\0\0\0Bv\0\0\0%\0\0 h\0\0P\0\0\0Bv\0\0\0%\0\0 h\0\0P\0\0\0Bv\0\0\0%\0\0 h\0\0P\0\0\0Bv\0\0\0%\0\0 h\0\0P\0\0\0Bv\0\0\0%\0\0 h\0\0P\0\0\0Bv\0\0\0%\0\0 h\0\0P\0\0\0Bv\0\0\0%\0\0 h\0\0P\0\0\0Bv\0\0\0%\0\0 h\0\0P\0\0\0Bv\0\0\0%\0\0 h\0\0P\0\0\0Bv\0\0\0%\0\0 h\0\0P\0\0\0Bv\0\0\0%\0\0 h\0\0P\0\0\0Bv\0\0\0%\0\0 h\0\0P\0\0\0Bv\0\0\0%\0\0 h\0\0P\0\0\0Bv\0\0\0%\0\0 h\0\0P\0\0\0Bv\0\0\0%\0\0 h\0\0P\0\0\0Bv\0\0\0%\0\0 %!!\0\0\0\0IENDB`',0),('2003',1,'LeaveBillProcess.bpmn','2001','<?xml version=\"1.0\" encoding=\"UTF-8\"?>\n<definitions xmlns=\"http://www.omg.org/spec/BPMN/20100524/MODEL\"\n	xmlns:xsi=\"http://www.w3.org/2001/XMLSchema-instance\" xmlns:activiti=\"http://activiti.org/bpmn\"\n	xmlns:bpmndi=\"http://www.omg.org/spec/BPMN/20100524/DI\" xmlns:omgdc=\"http://www.omg.org/spec/DD/20100524/DC\"\n	xmlns:omgdi=\"http://www.omg.org/spec/DD/20100524/DI\" xmlns:xsd=\"http://www.w3.org/2001/XMLSchema\"\n	typeLanguage=\"http://www.w3.org/2001/XMLSchema\" expressionLanguage=\"http://www.w3.org/1999/XPath\"\n	targetNamespace=\"http://www.activiti.org/test\">\n	<process id=\"LeaveBillProcess\" name=\"My process\" isExecutable=\"true\">\n		<startEvent id=\"startevent1\" name=\"Start\"></startEvent>\n		<userTask id=\"usertask1\" name=\"提交申请\" activiti:assignee=\"${userId}\"></userTask>\n		<sequenceFlow id=\"flow1\" sourceRef=\"startevent1\"\n			targetRef=\"usertask1\"></sequenceFlow>\n		<userTask id=\"usertask2\" name=\"主管审批\">\n			<extensionElements>\n				<activiti:taskListener event=\"create\"\n					class=\"com.web.oa.utils.CustomerLisnter\"></activiti:taskListener>\n			</extensionElements>\n		</userTask>\n		<sequenceFlow id=\"flow2\" sourceRef=\"usertask1\" targetRef=\"usertask2\"></sequenceFlow>\n		<userTask id=\"usertask3\" name=\"总经理审批\">\n			<extensionElements>\n				<activiti:taskListener event=\"create\"\n					class=\"com.web.oa.utils.CustomerLisnter\"></activiti:taskListener>\n			</extensionElements>\n		</userTask>\n		<sequenceFlow id=\"flow3\" sourceRef=\"usertask2\" targetRef=\"usertask3\"></sequenceFlow>\n		<endEvent id=\"endevent1\" name=\"End\"></endEvent>\n		<sequenceFlow id=\"flow4\" sourceRef=\"usertask3\" targetRef=\"endevent1\"></sequenceFlow>\n	</process>\n	<bpmndi:BPMNDiagram id=\"BPMNDiagram_LeaveBillProcess\">\n		<bpmndi:BPMNPlane bpmnElement=\"LeaveBillProcess\"\n			id=\"BPMNPlane_LeaveBillProcess\">\n			<bpmndi:BPMNShape bpmnElement=\"startevent1\"\n				id=\"BPMNShape_startevent1\">\n				<omgdc:Bounds height=\"35.0\" width=\"35.0\" x=\"270.0\" y=\"270.0\"></omgdc:Bounds>\n			</bpmndi:BPMNShape>\n			<bpmndi:BPMNShape bpmnElement=\"usertask1\" id=\"BPMNShape_usertask1\">\n				<omgdc:Bounds height=\"55.0\" width=\"105.0\" x=\"350.0\" y=\"260.0\"></omgdc:Bounds>\n			</bpmndi:BPMNShape>\n			<bpmndi:BPMNShape bpmnElement=\"usertask2\" id=\"BPMNShape_usertask2\">\n				<omgdc:Bounds height=\"55.0\" width=\"105.0\" x=\"500.0\" y=\"260.0\"></omgdc:Bounds>\n			</bpmndi:BPMNShape>\n			<bpmndi:BPMNShape bpmnElement=\"usertask3\" id=\"BPMNShape_usertask3\">\n				<omgdc:Bounds height=\"55.0\" width=\"105.0\" x=\"650.0\" y=\"260.0\"></omgdc:Bounds>\n			</bpmndi:BPMNShape>\n			<bpmndi:BPMNShape bpmnElement=\"endevent1\" id=\"BPMNShape_endevent1\">\n				<omgdc:Bounds height=\"35.0\" width=\"35.0\" x=\"800.0\" y=\"270.0\"></omgdc:Bounds>\n			</bpmndi:BPMNShape>\n			<bpmndi:BPMNEdge bpmnElement=\"flow1\" id=\"BPMNEdge_flow1\">\n				<omgdi:waypoint x=\"305.0\" y=\"287.0\"></omgdi:waypoint>\n				<omgdi:waypoint x=\"350.0\" y=\"287.0\"></omgdi:waypoint>\n			</bpmndi:BPMNEdge>\n			<bpmndi:BPMNEdge bpmnElement=\"flow2\" id=\"BPMNEdge_flow2\">\n				<omgdi:waypoint x=\"455.0\" y=\"287.0\"></omgdi:waypoint>\n				<omgdi:waypoint x=\"500.0\" y=\"287.0\"></omgdi:waypoint>\n			</bpmndi:BPMNEdge>\n			<bpmndi:BPMNEdge bpmnElement=\"flow3\" id=\"BPMNEdge_flow3\">\n				<omgdi:waypoint x=\"605.0\" y=\"287.0\"></omgdi:waypoint>\n				<omgdi:waypoint x=\"650.0\" y=\"287.0\"></omgdi:waypoint>\n			</bpmndi:BPMNEdge>\n			<bpmndi:BPMNEdge bpmnElement=\"flow4\" id=\"BPMNEdge_flow4\">\n				<omgdi:waypoint x=\"755.0\" y=\"287.0\"></omgdi:waypoint>\n				<omgdi:waypoint x=\"800.0\" y=\"287.0\"></omgdi:waypoint>\n			</bpmndi:BPMNEdge>\n		</bpmndi:BPMNPlane>\n	</bpmndi:BPMNDiagram>\n</definitions>',0),('2902',1,'baoxiaobill.png','2901','PNG\r\n\Z\n\0\0\0\rIHDR\0\0/\0\0P\0\0\0\0\0HIDATxw}Ma{ X̍j$m6T[:#!*(9(ٶ\ZUMKK誕ۭ#ۀ6b찎m`=}n1?y^/}ڝygy3L\0\0\0\0L\0\0\0\0#\0\0I\0\0\00j8\0\0\04\0\0\0&\0\0I\0\0\00j8\0\0\04\0\0\0&\0\0I\0\0\00j8\0\0\04\0\0\0&\0\0I\0\0\00j8\0\0\04\0\0\0&\0\0I\0\0\00j8\0\0\04\0\0\0&\0\0I\0\0\00j8\0\0\04\0\0\0&\0\0I\0\0\00j8\0\0\04\0\0\0&\0\0I\0\0\00j8\0\0\04\0\0\0&\0\0I\0\0\00j8\0\0\04\0\0\0&\0\0I\0\0\00j8\0\0\04\0\0\0&\0\0I\0\0\00j8\0\0\04\0\0\0&\0\0I\0\0\00j8\0\0\04\0\0\0&\0\0I\0\0\00j8\0\0\04\0\0\0&\0\0I\0\0\00j8\0\0\04@Z~r\\zbxZZz\0&4@WaSl}~7K_ʧ>饥C-,,f\0\0D\ZR0u?߻q]7bqss3\r\08\0VVVhۿÛ۽=Zղ~\0\0N\Z (7߹RC\0k8\0/Z(xzݬ\0xRQ0{:\0@78\0vr\0`LI\0\\:zX`|\'O\0#i wzi\'ڂ\0n}}\\.<\'>k\'N!\0i JRүOtx|nn.\00vq\\V\ZRnakk+\n\00^q\\[]]T*CM㟹(\0xrѣ\'Oj\Z(JY?P\0\"◾G}kY?P\0\"ڐ۬=w٬(\0xrmnn\'j\Z̌\0UG\06??\0FLykCq\0F\ZȵJ{_Pwu\r7d@\0Ƌ4k\'N\'~mi<L7Y?P\0\"nPj\Z?rF\0`H\0y7=wCj%\0xnoV~6\\y\0`H\0yW\n0u3_{maoo/\00vq\0\04%:Fo=Ç;|֏\0`I\0\\RVoA	#>\0S8\0/	y~_\0/i>|wH/\0&*joԧ>$ϝy>ݳ~\0\0N\ZUV[20cǉ/f7\0`H\0twرC{{;ݒKn_z\0&4@/Zm}}R>|xK(VVL\0	#L̳\0\'̌\0_**\0\0 i\0**\0\0 i\0**\0\0 i\0**\0\0 i\0**\0\0 i\0**\0\0 i\0**\0\0 i\0**\0\0 i\0**\0\0 i\0**\0\0 i\0**\0\0 i\0**\0\0 i\0**\0\0 i\0**\0\0 i\0**\0\0 i\0**\0\0 i\0**\0\0 i\0**\0\0 i\0**\0\0 i\0**\0\0 i\0**\0\0 i\0**\0\0 i\0**\0\0 i\0**\0\0 i\0**\0\0 i\0**\0\0 i\0**\0\0 i\0**\0!|vvX,ͅ?_K;;;Yo\Z\0D3mwgi\0\0I\Z ZV˛j\0L$iX???H7\n\0`RI\07?\nZ\0L*i.O\0C\Z __7\0`I\0$q_l\0\'id4&\0\0L<djkkkKKKRP(wN=|W\0&40666\ZFnȣg{:uꦛn\n0gs\0\0ҐZZT*GyӚSO?fzG\0$#0պ/}K7pnֻ\0 i`|U*(ֻ}xzw\0$ #G޳iz\0%ZV(xrwZv>v_\0L\ni`V*/4ڻ^\0kU7w\0@,88*˧?~\Zs/o\r8{/~㏞|swׂ;^Rx#G?y0ΤwzX,f\0\0bCݿz9_=\\B׼n=\'ւG>f\0\0bѡC~g-/\\^t~W_ x|~\Z_iL>[سq\0\01Z\0A~??<bpT18wI\0P\0D\ZR\Z<B3~;{v-oÛox[n&\0B0V3/?x.K^q/,}UiN6WM\Z\0&`$jx1qұ^\nng_}U~wg/t;im4\0L\nU8\nS?izO?xnww\r~X~T9yim4\0L\nU8jIԥw|ww<sGǧ߽n=[gq\0T-\0 }c}-7UIjGi-iIjGM\Z\0&`񧴤M\Z\0&`iI4\0L\nU8:H?Ԓ6i\0̬v ﵴRo_n[:rIj\0LH\0xA+<uT˵h\'I΍ebwG\ZVr\0`|H\0٨jykA.{[ڜ_<21{:{K-Kv[]i&ɓ5e\0:2{W|C\nSzp/\\AKnmzgz,g1rKgoggo~s=.,,\nw8\0OI@zan<~xaI\'\"Wز@?K;>|~8_j5\04r<;;[/7_s\\uUS>>;;;Ɵhn	e\'Z ƝߤKlO˽yD3~wk+b;|bO`E:v7\r\04$W?b.SZϵƵQ~Ikc.򍟉	iƵ^7/)\0ҩX,a\0I\ZM\Zâ<\r=bPX^^ny\'A~IkS,ϖ7ߤe\r7)]4?a>~5\\fhw\nl\04ĵ^*||t§tuu#x<4;}3>1(Zmii)|J\0l8KgŢ(>2QrI?[⬿qa׽{8٤w].T*mmme!\00T-@,*Q5/6Kz_۱Ynxm[~a-ܤw]^(>\0j嬷\"_;U$΋uUzٲ]rhܰǶ^]drرc\'Nz+\0`RZhYoED?kiܸ8zkqm27:[6 ƿw]g\00T-@\"w棍J.}[}mh7EoY,-.\ZWegX\0 5U3q5ђ6i|ļY\0RS\0Tۙ8HӒ6i|\0RS\0Jf[;Ҹ4>|t\0RS@*>pg]I#[(6\\1h9]vR6,Â{ [H|iZ&΍^|Hc\0L(L7u{Сj:\"4%m{8F2TxtdwMwD0(\0P&?*=U%gbvvxZ^iܱq\0S3JL\n.^|HKt38\0eڃ]Y\'Սoiwvзm@ީ\09d.~b\'2Ϸg*Jֻ.wQ\00L{0񉶻;?k^br׳u9)q\0r˴S6q_rbM-Nkvii1띖G-@>`JjR[[5zTޑNˣC@GmchggX|zlkZKwln~>ݕS!Q\00|0|n|:lmm|eZ{[_|as?e Lom\\bm,Ҫj˕R 8Ugm,-)KY\\K7p	e\"(f33]0g[0D\0@JfP R{|lmme	cRllld\"\0 %3(A=ѣGސ1f򽽽%\0JX06O<	f!h\0ʜS%\'KҒÿ=TJR*vvvޖ<J6\0h<*Ov[~cذ%]Oƴ[YY677bja e\'5.@:<*B[|ƱU[oc><`9\nn9C:].abvȤ#z(\0P<**~*n71b+Iqש72ݞcC5MשO]Ocdj1fvUt{46#Nq.)f΃24q돟GDݾȀm6@>CW\\\rSGo_P{4\0`2w\\g;K؛=w+)GЍ\rCdY|Aƻuɹ68\0c΃24tJCK\'w\0oG(Qu\rǎm\'6|z\'t쫩;CpWS,K\09JsE1*GF厁%3L㍟\'J )[gkj\Z>)nޣ{k۷/kFoO{)\0͜Se D*N~M\Zoـ8ygkb8}t0Igp#vCx\0`j`8w{~xiۖ,#\\<\r24$w]qu%-oYrP]\Zty0Uze}:^yy\roRw\'qW,A}/T*_֭+yi|c\0L(sLAe7IZO0I!7lY>ipZ(qM8+\'\ZU1F2b.owm^8~.7|ezܣjZT#?#w2gb.Ng\0H\nD<:\\hc@#xh-DFXhR({+OK\0;Ǽc葖8[G{nwKS6)jr:.вsI=w^q?|1@nAJm,,,;v,\0N&ډ\'D\0Ԏڦom\0AJ8mlllϟ8q\"\rw\0H\nDPjGriUV;,\"\0 3(A݃ f\0t̠@v7֖+.vw;C\0c\"(9XO;;;JW53D\0@:fP RZ(Yoȸ0D\0@:fP RڨVJeqqqww7mɞ!\01ځI+VVVސ\"\0 3(AlmtSՖVےC\0c\"v6^XXI>!\0a\"v6{(9D\0@̠@F:{{{r9W\0a\"v6j\02Sj\\>鐟!\0\nDClmCد<\00fP tڹ:9|ee%䛛Yo˰L\0c\"LqlmNTT*ShS<D\0PASYj;[:??zCl*\03(aJmgk#+{{{Jeqqqww7m\"\0`4̠@i*qÕ7d0i\0Q2v6JV[^^;Vү\"\0`̠@)(F0O5`\0LA]j;[oeeP(L&z\0A[j;[booorm4C\0d\nDRژDTLWM\0\nDRdlmLW*?vL\"\0`AcXjc/o9lmLbxFSz~yy9mk7C\0L3(aJ{u]^ژ2ax_}@&Um\0Ia\"[}5cϽmo1vvv*JPw׿ǳޮW!\0&0V-2j_~cǜ)w_}YoO\0\nDRZζb|l}kg\0b\"O].0~x^7P(|\n[^^_sss]we]vW^s5g\0b\"On_Moz?glsssww7덂Qz??:kz^6>C\0L3(a|Jmgk1\"\0`AaLjR8r=|}Sfb8㶌!Ro8K̰ξ۾~<|Sn9fh *$-1&\r;.[AzC\0S@ZV*#G<i\nzGe9vq?Ia\0`j`uvX/|Y[җt\r7mcX<4-lW<zGaa\0`H0F*Aֻ}xzwZ#1/q<~=G/l|2D\"\0&8#G޳izH#wr{~SO_vw=dǿ0\04cV\n\'?y\'}gg\']ȴ17{5Y ɱ0CWWva\0`H0VWW+\Z]/fiU71ыydx;ƣ\"\0LiB\\>:=G\"|o?gΟ7g>Zpw-k/?rWNoŬw݈>teiRnDW>A.\'d0D\00}q=t-6g^/>=-~Zc_簝y٬w]6\"r9\Zڏd{^<xK\04cСCO?3V/\\^t~W_ x|~\Z_|Do\']$4vˑ1J▐!1KX8(kϼjs~_w@msVj<{<bKtB7p!1KX8(_]*/OLΞ[ff~fff}{Qnw<6#ze.~Ys0_\0Y\nAl߆̋~RpC7g~W\\K|U}}[nR{&[5Ҳ@K2LX۽3XC\0,c\\6Z.z{v;|/_uKAplK7c랖)	C!cdXm?\\zpzǻGAXlq=-USjC\0,c\\.o~{>s;o>>?>w끇ޟ?W\rCe0D\00}R0J7}q>*)	C!cpPj?%mJmra\0``,\\*/<%mJmra\0``,OiIR0D\"\0>f)MMN\"\0LRZҦ&\'\0Y\nA:^أ\r{-xLݎW%zv[84\"\0Df).|:ȅmCcVҍeZ6LM<ҕW^yԩk_[5LP`\0``,:ո/_K˭/xUޘm_y~mֻV54.첷{\"_qF\n\0L\"dpqZcɖD~ӲLs]~Uu*&sssͯ+CP҃$CD@1\nz<\n\0]`,ԗO6K\ZּKe;Uq=rMIRG\n|_m36XU֣;\0tepPb>\Z6_[}k\\}qKQѢt[dֻ檫jtRt\"{>\"\0Df)Uֽl}gMZ.\\k۷/VkLjZ5|\r\\>C!IdpPhyX&k|{oN){wۦfj<cBayy9\"B;Nf(0D\00R0F۫U{o0~	fvtY4x2C!IdpPh>:լ/_K?[uȘڎf+ɉ/I\n\0L\"KrI_:\"\\\nK?m{zoRܡ$2KX8(4Z.iTZu\\}U1ӎeKkǆe`\"_-ӽ\'k(qY:\0,cᠾ֩f}%{_qu&ZO̅[g˅od`0KvRx(qY:\0,cᠾ|\\}ޗׯzX-\'X{o^?nWj_A_h^>Xaֻ\02KX8/ђ669a0D\00}R0JiIR0D\"\0>f)Jm6`0D\00}R0ŇMMN\"\0LRZҦ&\'\0Y\nA%mJmra\0``,ђ669a0D\00}R0fgg_|%jJmra\0``,\n.^|HKԔ!1KXX\\\\ɋ;;8??Q0D\"\0>8e^NVϫT*Y:C!#XݝӋ{/j1[Y:C!#ø8~ы78ۥŬw\Z!a\\jR[[5zTޑN1D\"\028b-;;AukafןJrĉ0d`xVWW\"R\00q/[[[aO~v~\Zc?^V3w0XZĉBTdC\0-iNX//WJWWׂVt\\.?iaxd4zsxlH1D\0aLmnnV*n03sЕKK	OZĝ)0}8L=4D49D\0XƁrykk+mXvwwZO81Y!\0Ɓ4Dԁb}}}aaT*av=N\'w\0lA^jonnb815蜓>D\0@V̠@(O<92Sƍ\"\0`̠@i*www=Z?Ed}4Z,f24D\0(AWj5>iaPjZ\'zsi\0\r3(aZKj:4_QL}O!\0\nDRqĲ\\.OK2waL\0c\"^__/Rij>Kvww3d\03rUjQ<a,_[[z[Haĉ99{\0 3(!RVWWs_mrd-#!\0\nDm8ȹ2o6TL!\0d\"[^^3ysOE:N7~\0̠@vp%U+++a&?zT~II9!\01\rZɓa[ZZ))\"\0 3(AnmmX,...ySV_.73D\0@:fP RRsw^Ý;!\01ڽmmm{ÝWC\0c\"(Ƕ0)]s>!\01froi\\rX,zCL\0H\nDPj\'t_j}}t\01D\0@:fP R;zseuuX,e\'O\0AJ>Io~~^CZ-;\0+j&!\01T?C3eeoo~gC\0c\"(ngg-־=kdvww>a\Zd\0t̠@#S6xC\0c\"(鹹9orp\rC\0c\"L_=C|_fr\'RT,tڼ1EY\0d\"y\'<GԾ|ЕT\0W+aCxܔAXj9ۅ{f<ɍ!Tj/c _>hd!\0@&̠@I,(ݼ<-bqmmm5OG/\Zx\00zfP ĕZv[ \r~R5O<|-jy)EC5[\02&Ԏj_`¨y0v:\\觵\rI~)\00Av;#*d\rxf;\Zס5y011h&} +fP ¤SPǍzw:Ja]YYǤv=ME4\0Y1&zD9j܎jq~\n񥥥B}?~\\.^^nonnw],û޽\rĤo?\0d\nDR;~pjs:j%z1.܀!d.܀zʛcҷ\0b\"y\'KQNQ05LŃJ\n\"sxB0̼\Z>r<2Ћ1\0Y1&Ԏ<X=?a|ÇqJ%.7NoF}S>rH˒Xa!Ͻ(x\0Ȑ0qsTb8xg=3oZȣ?߭=3ssss;ﾻ_ςp{\rEM@̠@+Qn)ܟ[׿xM.xtsxK&ԧ>ݸV]w]{72p&w [fP R{Uz=zh77BW_|V57[Gț-XϽmo-ܤƿጀ!\01S L\'O+ɾ,--5:u)x{CS*+v#7]s5\'Nҗ3\Z\0H\nDPjOO~p<*ܾ4p&oB\0Ԟy84??^[,...򹹹7D3D\0@:fP R{Zmmm0=zɁ<8c_*Fጘ!\01S/O@x|x!2D\0@:fP R{5<4vb\0H\nDPjOz`.JaG>Z_ra1D\0@:fP R{5>4oF}Y?P\0AJ鶸X_WyBa1D\0@:fP R{5N<(b@:fP R{5GF\Zo?ʰع\0Ԟn\ZF\ZƧ\0AJG~WO=C\0c\"([R߹ցo=P}b1ʰ\"\0 3(A=VVV~ui37\\_Ra1D\0@:fP R{4LܙoWWW~!\01SP(3S_`o|xZf(C\0c\"(r=3>|xﭯ\\.g\"C\0c\"(^Zm|+gny Q;j!2D\0H\nDPj\'yvv:{GѣY?8\0AJXXX0Hq:unjoo/Gp\"\0 3(Aj{;\"?ē(>;;b\0Ώ0<7>f߹֤oA=tĉ`\0t̠W\n*sj:GP+se}}q~/}+qi\"!\01S1E y7@oo=)֟0evvv盻J?O롇Cz#Gü7!\01G͵c:w|S}&P#iBs&C&WZ=~l\r7%mC\0c%wǎdbM!|H`2\\]TJV֛L\0|q$<ݎ$ߐPX^,[P(\'Ot<<\0h率hUUǨosn7|B\rVa2z#\0HJ~EVCx#w\\CgǼ#DZzC\0HJ~̺-G\Zg{vP0nTk.<\ra\\\"\0 3(9\">6\'{#-ǿ4Nnꫯzs\0HJ~EVu86t)\'\r2jf}k`\0t̠KݎcgxS\\n~E\\s5Yo3D\0@:fPrAj?sGސiRVߎ7Veid\0Aɝnpc7oC?\r&/뮻onnnfid\0Aɋnͷj%qnkܶthHoy2MOu{]P8tP%1D\0@:fP R.\0H\nDPjB\0\0AJmZ4\0 3(AM]f\0c\"(iKL\0t̠#qnwHjE#/6-t	\0GstxY/.	6-t	\0SO_vw=dǿ0/ڴ%h?\0@:fPr\"maUPjB\0\0AɉK|ƥxڴ%h?\0@:fPRnDW>A.ǣԦ.A3\01CɃ4Mt	\0jigqEM]f\0c%n,6-t	\0tHeaR\\PjB\0\0AJmZ4\0 3(AM]f\0c\"(iKdn&7pm\0fP RD\"wAD7\0\nDPjB\\4J\01ڴ%2W=twG͗j?\0Ԧ.D|ȼ}?\0@:fP RDҽS}H\0H\nDPjB\\ct;#?*\08̠@6-tuKݽxU1\0@\"fP RDҥq`AJmZsl\0Ԧ.9)`\"(iKd.rt<fyD}H\0td\"(iKd4޾X?T\0t̠@6-t?o=;1\0@fP R\0H\nDPjB\0\0AJmZ4\0 3(AM]f\0c\"(iKL\0t̠@6-t	\0Ԧ.A3\01ڴ%h?\0@:fP R\0H\nDPjB\0\0AJmZ4\0 3(AM]f\0c\"(iKL\0t̠@6-t	\0Ԧ.A3\01ڴ%h?\0@:fP R\0H\nDPjB\0\0AJmZ4\0 3(AM]f\0c\"(iKL\0t̠@6-t	\0Ԧ.A3\01ڴ%h?\0@:fP R\0H\nDPjB\0\0AJmZ4\0 3(A=&jRT*\n3y>(˫j5݂!\0R2`cc#La۾~<|Sn9	3y;\'\0VZT*GyӚSO?fzG!\01\nxX/|Y[җt\r7fr\0AJU*(ֻ}xzw!\01Y8r=kZɛoͬwZ\"\0 3(AZV(xrwZv>w]\"\0 3(AJF{ߋ`ͷUC\0c\"(3Q.O}4_c><p6_=[w|G~4`IVXz!\01ڙ?_o^8_=\\B׼n=\'ւG>fr\0AJL:tg?½KWx~_zۿo?A{y鮣9t̠@v&ss^^Z~7o?~}6WMw=9\0c\"j\"wkKiBApefgfffojὧomd8zs\0H\nD(\nYoE$gNg^~\\𣗂{7\r?󳯽_X=nmd8zs\0H\nD(YoE$jx1qұ^\nng_}U~wg/t;imd8b{{{sssYo\0L$UT*mnnfhg~][x?:<s6wr\\5i|vwwB[\0IDT*YoE$һnww;[;w޹oywx3OxNlll,..f\00T-@0<ȝ4}t&0WM\Z\n\0H |[;i-iGlqqqcc#\0j9]J֒6i|\no@tT-@\'N;v,ȗ4Idd\0~ZhZP(e!9r%m\0O RVA\ZI#\0O Ǐ{W`v \r^yyņO5)8qѣYo\0L6iH`yyyqqZf!\'ٕW^yԩkL-_{?<wⴁD[24~pWjJEI@2B>/ڧ0ռ5.o}ksV<5߼}UVJ^87XU=sx_t~T\'N/oPƁ¢<LaQM06g+CP?/\\AVyv7iGnCw:VO;;;o~taa!YWVVr;v4\0`Pq 04nlliT*<RJ\".<o7O\rqnYge:`\0`I\0ꪫ\Z| L>;;;ƟH7o|U\\cmzg986wsWŬw8\0OI\0٨V8??8ָ >o7Ekk6џ-+ii4Íko|c^.\0\0\0Ɓ4{lvvvqqP(,//\r yVy#oh/=11o~\Z}kX,?G\02kFƣvlGbR\ZyQ\0ؤqqtNK7o7ge\"o>[4\00T-\0R@gk^I{ߪ-!g\0\0bQ\0~Z}\rc~zԏ:]\0`?5оn+Oty˅\\XOֻ\0 U8:Hnnt:M-;.Ӿ>ozu\0\0Z\0A:}DKڤq\0`RZ\0A\ZI\0P\0#i\\\Z\0`ŇM\Z\0&`jI4\0L\nU8:H;Z&\0B0wM\Z\0&`ξ/~[KԤq\0`RZ\0QPŇDM\Z\0&`-..~u[Z?z\0\"eo\'T*w\0@,88ݝӋ{/j1[Y:\0Xq1uojq_KKY4\0q1UJwlm x@nSzG;\r\0 .i`|oYm[xg\0\0VWVIܯ67S;\n\0 i`jJtZ֪o˥w\0@b8dܬT_afС+w\0@J8\0\0\04\0\0\0&\0\0I\0\0\00j8\0\0\04\0\0\0&\0\0I\0\0\00j8\0\0\04\0\0\0&\0\0I\0\0\00j8\0\0\04\0\0\0&\0\0I\0\0\00j8\0\0\04\0\0\0&\0\0I\0\0\00j8\0\0\04\0\0\0&\0\0I\0\0\00j8\0\0\04\0\0\0&\0\0I\0\0\00j8\0\0\04\0\0\0&\0\0I\0\0\00j8\0\0\04\0\0\0&\0\0I\0\0\00j8\0\0\04\0\0\0&\0\0I\0\0\00j8\0\0\04\0\0\0&\0ۯc\0\0\0AֳUpq\0\0\08\0\0\0l\0\0\0n6\0\0\07\0\0\0\0\0\0f\0\0\0pq\0\0\08\0\0\0l\0\0\0n6\0\0\07\0\0\0\0\0\0f\0\0\0pq\0\0\08\0\0\0l\0\0\0n6\0\0\07\0\0\0\0\0\0f\0\0\0pq\0\0\08\0\0\0l\0\0\0n6\0\0\07\0\0\0\0\0\0f\0\0\0pq\0\0\08\0\0\0a7Ҫ]\0\0\0\0IENDB`',0),('2903',1,'baoxiaobill.bpmn','2901','<?xml version=\"1.0\" encoding=\"UTF-8\"?>\n<definitions xmlns=\"http://www.omg.org/spec/BPMN/20100524/MODEL\" xmlns:xsi=\"http://www.w3.org/2001/XMLSchema-instance\" xmlns:activiti=\"http://activiti.org/bpmn\" xmlns:bpmndi=\"http://www.omg.org/spec/BPMN/20100524/DI\" xmlns:omgdc=\"http://www.omg.org/spec/DD/20100524/DC\" xmlns:omgdi=\"http://www.omg.org/spec/DD/20100524/DI\" xmlns:xsd=\"http://www.w3.org/2001/XMLSchema\" typeLanguage=\"http://www.w3.org/2001/XMLSchema\" expressionLanguage=\"http://www.w3.org/1999/XPath\" targetNamespace=\"http://www.activiti.org/test\">\n  <process id=\"baoxiaobill\" name=\"baoxiaoProcess\" isExecutable=\"true\">\n    <startEvent id=\"startevent1\" name=\"Start\"></startEvent>\n    <userTask id=\"usertask1\" name=\"员工申请报销\" activiti:assignee=\"${inputUser}\"></userTask>\n    <sequenceFlow id=\"flow1\" sourceRef=\"startevent1\" targetRef=\"usertask1\"></sequenceFlow>\n    <userTask id=\"usertask2\" name=\"部门经理审批\">\n      <extensionElements>\n        <activiti:taskListener event=\"create\" class=\"com.web.oa.utils.ManagerTaskHandler\"></activiti:taskListener>\n      </extensionElements>\n    </userTask>\n    <sequenceFlow id=\"flow2\" name=\"普通员工报销\" sourceRef=\"usertask1\" targetRef=\"usertask2\">\n      <conditionExpression xsi:type=\"tFormalExpression\"><![CDATA[${role==1}]]></conditionExpression>\n    </sequenceFlow>\n    <endEvent id=\"endevent1\" name=\"End\"></endEvent>\n    <sequenceFlow id=\"flow3\" name=\"不同意\" sourceRef=\"usertask2\" targetRef=\"endevent1\">\n      <conditionExpression xsi:type=\"tFormalExpression\"><![CDATA[${message==\'不同意\'}]]></conditionExpression>\n    </sequenceFlow>\n    <userTask id=\"usertask3\" name=\"财务审核\" activiti:assignee=\"li\"></userTask>\n    <sequenceFlow id=\"flow4\" name=\"金额小于等于5000\" sourceRef=\"usertask2\" targetRef=\"usertask3\">\n      <conditionExpression xsi:type=\"tFormalExpression\"><![CDATA[${message==\'金额小于等于5000\'}]]></conditionExpression>\n    </sequenceFlow>\n    <sequenceFlow id=\"flow5\" sourceRef=\"usertask3\" targetRef=\"endevent1\"></sequenceFlow>\n    <userTask id=\"usertask4\" name=\"总经理审批\">\n      <extensionElements>\n        <activiti:taskListener event=\"create\" class=\"com.web.oa.utils.ManagerTaskHandler\"></activiti:taskListener>\n      </extensionElements>\n    </userTask>\n    <sequenceFlow id=\"flow6\" name=\"金额大于5000\" sourceRef=\"usertask2\" targetRef=\"usertask4\">\n      <conditionExpression xsi:type=\"tFormalExpression\"><![CDATA[${message==\'金额大于5000\'}]]></conditionExpression>\n    </sequenceFlow>\n    <sequenceFlow id=\"flow7\" name=\"不同意\" sourceRef=\"usertask4\" targetRef=\"endevent1\">\n      <conditionExpression xsi:type=\"tFormalExpression\"><![CDATA[${message==\'不同意\'}]]></conditionExpression>\n    </sequenceFlow>\n    <sequenceFlow id=\"flow8\" name=\"同意\" sourceRef=\"usertask4\" targetRef=\"usertask3\">\n      <conditionExpression xsi:type=\"tFormalExpression\"><![CDATA[${message==\'同意\'}]]></conditionExpression>\n    </sequenceFlow>\n    <sequenceFlow id=\"flow9\" name=\"驳回\" sourceRef=\"usertask2\" targetRef=\"usertask1\">\n      <conditionExpression xsi:type=\"tFormalExpression\"><![CDATA[${message==\'驳回\'}]]></conditionExpression>\n    </sequenceFlow>\n    <sequenceFlow id=\"flow10\" name=\"驳回\" sourceRef=\"usertask4\" targetRef=\"usertask1\">\n      <conditionExpression xsi:type=\"tFormalExpression\"><![CDATA[${message==\'驳回\'}]]></conditionExpression>\n    </sequenceFlow>\n    <sequenceFlow id=\"flow11\" name=\"部门经理报销\" sourceRef=\"usertask1\" targetRef=\"usertask4\">\n      <conditionExpression xsi:type=\"tFormalExpression\"><![CDATA[${role==2}]]></conditionExpression>\n    </sequenceFlow>\n  </process>\n  <bpmndi:BPMNDiagram id=\"BPMNDiagram_baoxiaobill\">\n    <bpmndi:BPMNPlane bpmnElement=\"baoxiaobill\" id=\"BPMNPlane_baoxiaobill\">\n      <bpmndi:BPMNShape bpmnElement=\"startevent1\" id=\"BPMNShape_startevent1\">\n        <omgdc:Bounds height=\"35.0\" width=\"35.0\" x=\"514.0\" y=\"57.0\"></omgdc:Bounds>\n      </bpmndi:BPMNShape>\n      <bpmndi:BPMNShape bpmnElement=\"usertask1\" id=\"BPMNShape_usertask1\">\n        <omgdc:Bounds height=\"55.0\" width=\"105.0\" x=\"479.0\" y=\"157.0\"></omgdc:Bounds>\n      </bpmndi:BPMNShape>\n      <bpmndi:BPMNShape bpmnElement=\"usertask2\" id=\"BPMNShape_usertask2\">\n        <omgdc:Bounds height=\"55.0\" width=\"105.0\" x=\"302.0\" y=\"267.0\"></omgdc:Bounds>\n      </bpmndi:BPMNShape>\n      <bpmndi:BPMNShape bpmnElement=\"endevent1\" id=\"BPMNShape_endevent1\">\n        <omgdc:Bounds height=\"35.0\" width=\"35.0\" x=\"514.0\" y=\"358.0\"></omgdc:Bounds>\n      </bpmndi:BPMNShape>\n      <bpmndi:BPMNShape bpmnElement=\"usertask3\" id=\"BPMNShape_usertask3\">\n        <omgdc:Bounds height=\"55.0\" width=\"105.0\" x=\"479.0\" y=\"460.0\"></omgdc:Bounds>\n      </bpmndi:BPMNShape>\n      <bpmndi:BPMNShape bpmnElement=\"usertask4\" id=\"BPMNShape_usertask4\">\n        <omgdc:Bounds height=\"55.0\" width=\"105.0\" x=\"655.0\" y=\"267.0\"></omgdc:Bounds>\n      </bpmndi:BPMNShape>\n      <bpmndi:BPMNEdge bpmnElement=\"flow1\" id=\"BPMNEdge_flow1\">\n        <omgdi:waypoint x=\"531.0\" y=\"92.0\"></omgdi:waypoint>\n        <omgdi:waypoint x=\"531.0\" y=\"157.0\"></omgdi:waypoint>\n      </bpmndi:BPMNEdge>\n      <bpmndi:BPMNEdge bpmnElement=\"flow2\" id=\"BPMNEdge_flow2\">\n        <omgdi:waypoint x=\"531.0\" y=\"212.0\"></omgdi:waypoint>\n        <omgdi:waypoint x=\"354.0\" y=\"267.0\"></omgdi:waypoint>\n        <bpmndi:BPMNLabel>\n          <omgdc:Bounds height=\"48.0\" width=\"100.0\" x=\"405.0\" y=\"200.0\"></omgdc:Bounds>\n        </bpmndi:BPMNLabel>\n      </bpmndi:BPMNEdge>\n      <bpmndi:BPMNEdge bpmnElement=\"flow3\" id=\"BPMNEdge_flow3\">\n        <omgdi:waypoint x=\"354.0\" y=\"322.0\"></omgdi:waypoint>\n        <omgdi:waypoint x=\"531.0\" y=\"358.0\"></omgdi:waypoint>\n        <bpmndi:BPMNLabel>\n          <omgdc:Bounds height=\"16.0\" width=\"100.0\" x=\"353.0\" y=\"354.0\"></omgdc:Bounds>\n        </bpmndi:BPMNLabel>\n      </bpmndi:BPMNEdge>\n      <bpmndi:BPMNEdge bpmnElement=\"flow4\" id=\"BPMNEdge_flow4\">\n        <omgdi:waypoint x=\"354.0\" y=\"322.0\"></omgdi:waypoint>\n        <omgdi:waypoint x=\"354.0\" y=\"487.0\"></omgdi:waypoint>\n        <omgdi:waypoint x=\"479.0\" y=\"487.0\"></omgdi:waypoint>\n        <bpmndi:BPMNLabel>\n          <omgdc:Bounds height=\"48.0\" width=\"100.0\" x=\"248.0\" y=\"379.0\"></omgdc:Bounds>\n        </bpmndi:BPMNLabel>\n      </bpmndi:BPMNEdge>\n      <bpmndi:BPMNEdge bpmnElement=\"flow5\" id=\"BPMNEdge_flow5\">\n        <omgdi:waypoint x=\"531.0\" y=\"460.0\"></omgdi:waypoint>\n        <omgdi:waypoint x=\"531.0\" y=\"393.0\"></omgdi:waypoint>\n      </bpmndi:BPMNEdge>\n      <bpmndi:BPMNEdge bpmnElement=\"flow6\" id=\"BPMNEdge_flow6\">\n        <omgdi:waypoint x=\"407.0\" y=\"294.0\"></omgdi:waypoint>\n        <omgdi:waypoint x=\"655.0\" y=\"294.0\"></omgdi:waypoint>\n        <bpmndi:BPMNLabel>\n          <omgdc:Bounds height=\"16.0\" width=\"100.0\" x=\"481.0\" y=\"267.0\"></omgdc:Bounds>\n        </bpmndi:BPMNLabel>\n      </bpmndi:BPMNEdge>\n      <bpmndi:BPMNEdge bpmnElement=\"flow7\" id=\"BPMNEdge_flow7\">\n        <omgdi:waypoint x=\"707.0\" y=\"322.0\"></omgdi:waypoint>\n        <omgdi:waypoint x=\"531.0\" y=\"358.0\"></omgdi:waypoint>\n        <bpmndi:BPMNLabel>\n          <omgdc:Bounds height=\"16.0\" width=\"100.0\" x=\"653.0\" y=\"354.0\"></omgdc:Bounds>\n        </bpmndi:BPMNLabel>\n      </bpmndi:BPMNEdge>\n      <bpmndi:BPMNEdge bpmnElement=\"flow8\" id=\"BPMNEdge_flow8\">\n        <omgdi:waypoint x=\"707.0\" y=\"322.0\"></omgdi:waypoint>\n        <omgdi:waypoint x=\"707.0\" y=\"487.0\"></omgdi:waypoint>\n        <omgdi:waypoint x=\"584.0\" y=\"487.0\"></omgdi:waypoint>\n        <bpmndi:BPMNLabel>\n          <omgdc:Bounds height=\"16.0\" width=\"100.0\" x=\"658.0\" y=\"418.0\"></omgdc:Bounds>\n        </bpmndi:BPMNLabel>\n      </bpmndi:BPMNEdge>\n      <bpmndi:BPMNEdge bpmnElement=\"flow9\" id=\"BPMNEdge_flow9\">\n        <omgdi:waypoint x=\"354.0\" y=\"267.0\"></omgdi:waypoint>\n        <omgdi:waypoint x=\"354.0\" y=\"184.0\"></omgdi:waypoint>\n        <omgdi:waypoint x=\"479.0\" y=\"184.0\"></omgdi:waypoint>\n        <bpmndi:BPMNLabel>\n          <omgdc:Bounds height=\"48.0\" width=\"24.0\" x=\"324.0\" y=\"190.0\"></omgdc:Bounds>\n        </bpmndi:BPMNLabel>\n      </bpmndi:BPMNEdge>\n      <bpmndi:BPMNEdge bpmnElement=\"flow10\" id=\"BPMNEdge_flow10\">\n        <omgdi:waypoint x=\"707.0\" y=\"267.0\"></omgdi:waypoint>\n        <omgdi:waypoint x=\"707.0\" y=\"184.0\"></omgdi:waypoint>\n        <omgdi:waypoint x=\"584.0\" y=\"184.0\"></omgdi:waypoint>\n        <bpmndi:BPMNLabel>\n          <omgdc:Bounds height=\"48.0\" width=\"24.0\" x=\"720.0\" y=\"190.0\"></omgdc:Bounds>\n        </bpmndi:BPMNLabel>\n      </bpmndi:BPMNEdge>\n      <bpmndi:BPMNEdge bpmnElement=\"flow11\" id=\"BPMNEdge_flow11\">\n        <omgdi:waypoint x=\"531.0\" y=\"212.0\"></omgdi:waypoint>\n        <omgdi:waypoint x=\"707.0\" y=\"267.0\"></omgdi:waypoint>\n        <bpmndi:BPMNLabel>\n          <omgdc:Bounds height=\"48.0\" width=\"100.0\" x=\"565.0\" y=\"200.0\"></omgdc:Bounds>\n        </bpmndi:BPMNLabel>\n      </bpmndi:BPMNEdge>\n    </bpmndi:BPMNPlane>\n  </bpmndi:BPMNDiagram>\n</definitions>',0),('3402',1,'leavebill.bpmn','3401','<?xml version=\"1.0\" encoding=\"UTF-8\"?>\n<definitions xmlns=\"http://www.omg.org/spec/BPMN/20100524/MODEL\" xmlns:xsi=\"http://www.w3.org/2001/XMLSchema-instance\" xmlns:activiti=\"http://activiti.org/bpmn\" xmlns:bpmndi=\"http://www.omg.org/spec/BPMN/20100524/DI\" xmlns:omgdc=\"http://www.omg.org/spec/DD/20100524/DC\" xmlns:omgdi=\"http://www.omg.org/spec/DD/20100524/DI\" typeLanguage=\"http://www.w3.org/2001/XMLSchema\" expressionLanguage=\"http://www.w3.org/1999/XPath\" targetNamespace=\"http://www.activiti.org/test\">\n  <process id=\"leavebill\" name=\"My process\" isExecutable=\"true\">\n    <startEvent id=\"startevent1\" name=\"Start\"></startEvent>\n    <userTask id=\"usertask1\" name=\"提交申请\" activiti:assignee=\"${userId}\"></userTask>\n    <sequenceFlow id=\"flow1\" sourceRef=\"startevent1\" targetRef=\"usertask1\"></sequenceFlow>\n    <userTask id=\"usertask2\" name=\"部门经理审批\">\n      <extensionElements>\n        <activiti:taskListener event=\"create\" class=\"com.web.oa.utils.CustomerLisnter\"></activiti:taskListener>\n      </extensionElements>\n    </userTask>\n    <userTask id=\"usertask3\" name=\"总经理审批\">\n      <extensionElements>\n        <activiti:taskListener event=\"create\" class=\"com.web.oa.utils.CustomerLisnter\"></activiti:taskListener>\n      </extensionElements>\n    </userTask>\n    <sequenceFlow id=\"flow4\" name=\"同意\" sourceRef=\"usertask2\" targetRef=\"usertask3\">\n      <conditionExpression xsi:type=\"tFormalExpression\"><![CDATA[${message==\'同意\'}]]></conditionExpression>\n    </sequenceFlow>\n    <endEvent id=\"endevent1\" name=\"End\"></endEvent>\n    <sequenceFlow id=\"flow8\" name=\"审批\" sourceRef=\"usertask3\" targetRef=\"endevent1\">\n      <conditionExpression xsi:type=\"tFormalExpression\"><![CDATA[${message==\'审批\'}]]></conditionExpression>\n    </sequenceFlow>\n    <sequenceFlow id=\"flow3\" name=\"部门经理请假\" sourceRef=\"usertask1\" targetRef=\"usertask3\">\n      <conditionExpression xsi:type=\"tFormalExpression\"><![CDATA[${role==2 || role==4}]]></conditionExpression>\n    </sequenceFlow>\n    <sequenceFlow id=\"flow2\" name=\"普通员工请假\" sourceRef=\"usertask1\" targetRef=\"usertask2\">\n      <conditionExpression xsi:type=\"tFormalExpression\"><![CDATA[${role==1}]]></conditionExpression>\n    </sequenceFlow>\n    <sequenceFlow id=\"flow5\" name=\"驳回\" sourceRef=\"usertask2\" targetRef=\"usertask1\">\n      <conditionExpression xsi:type=\"tFormalExpression\"><![CDATA[${message==\'驳回\'}]]></conditionExpression>\n    </sequenceFlow>\n    <sequenceFlow id=\"flow9\" name=\"驳回\" sourceRef=\"usertask3\" targetRef=\"usertask1\">\n      <conditionExpression xsi:type=\"tFormalExpression\"><![CDATA[${message==\'驳回\'}]]></conditionExpression>\n    </sequenceFlow>\n    <sequenceFlow id=\"flow6\" name=\"不同意\" sourceRef=\"usertask2\" targetRef=\"endevent1\">\n      <conditionExpression xsi:type=\"tFormalExpression\"><![CDATA[${message==\'不同意\'}]]></conditionExpression>\n    </sequenceFlow>\n  </process>\n  <bpmndi:BPMNDiagram id=\"BPMNDiagram_leavebill\">\n    <bpmndi:BPMNPlane bpmnElement=\"leavebill\" id=\"BPMNPlane_leavebill\">\n      <bpmndi:BPMNShape bpmnElement=\"startevent1\" id=\"BPMNShape_startevent1\">\n        <omgdc:Bounds height=\"35.0\" width=\"35.0\" x=\"190.0\" y=\"260.0\"></omgdc:Bounds>\n      </bpmndi:BPMNShape>\n      <bpmndi:BPMNShape bpmnElement=\"usertask1\" id=\"BPMNShape_usertask1\">\n        <omgdc:Bounds height=\"55.0\" width=\"105.0\" x=\"310.0\" y=\"250.0\"></omgdc:Bounds>\n      </bpmndi:BPMNShape>\n      <bpmndi:BPMNShape bpmnElement=\"usertask2\" id=\"BPMNShape_usertask2\">\n        <omgdc:Bounds height=\"55.0\" width=\"105.0\" x=\"523.0\" y=\"150.0\"></omgdc:Bounds>\n      </bpmndi:BPMNShape>\n      <bpmndi:BPMNShape bpmnElement=\"usertask3\" id=\"BPMNShape_usertask3\">\n        <omgdc:Bounds height=\"55.0\" width=\"105.0\" x=\"523.0\" y=\"350.0\"></omgdc:Bounds>\n      </bpmndi:BPMNShape>\n      <bpmndi:BPMNShape bpmnElement=\"endevent1\" id=\"BPMNShape_endevent1\">\n        <omgdc:Bounds height=\"35.0\" width=\"35.0\" x=\"710.0\" y=\"260.0\"></omgdc:Bounds>\n      </bpmndi:BPMNShape>\n      <bpmndi:BPMNEdge bpmnElement=\"flow1\" id=\"BPMNEdge_flow1\">\n        <omgdi:waypoint x=\"225.0\" y=\"277.0\"></omgdi:waypoint>\n        <omgdi:waypoint x=\"310.0\" y=\"277.0\"></omgdi:waypoint>\n      </bpmndi:BPMNEdge>\n      <bpmndi:BPMNEdge bpmnElement=\"flow4\" id=\"BPMNEdge_flow4\">\n        <omgdi:waypoint x=\"575.0\" y=\"205.0\"></omgdi:waypoint>\n        <omgdi:waypoint x=\"575.0\" y=\"350.0\"></omgdi:waypoint>\n        <bpmndi:BPMNLabel>\n          <omgdc:Bounds height=\"16.0\" width=\"32.0\" x=\"580.0\" y=\"259.0\"></omgdc:Bounds>\n        </bpmndi:BPMNLabel>\n      </bpmndi:BPMNEdge>\n      <bpmndi:BPMNEdge bpmnElement=\"flow8\" id=\"BPMNEdge_flow8\">\n        <omgdi:waypoint x=\"628.0\" y=\"377.0\"></omgdi:waypoint>\n        <omgdi:waypoint x=\"727.0\" y=\"377.0\"></omgdi:waypoint>\n        <omgdi:waypoint x=\"727.0\" y=\"295.0\"></omgdi:waypoint>\n        <bpmndi:BPMNLabel>\n          <omgdc:Bounds height=\"16.0\" width=\"100.0\" x=\"649.0\" y=\"380.0\"></omgdc:Bounds>\n        </bpmndi:BPMNLabel>\n      </bpmndi:BPMNEdge>\n      <bpmndi:BPMNEdge bpmnElement=\"flow3\" id=\"BPMNEdge_flow3\">\n        <omgdi:waypoint x=\"362.0\" y=\"305.0\"></omgdi:waypoint>\n        <omgdi:waypoint x=\"575.0\" y=\"350.0\"></omgdi:waypoint>\n        <bpmndi:BPMNLabel>\n          <omgdc:Bounds height=\"16.0\" width=\"96.0\" x=\"397.0\" y=\"293.0\"></omgdc:Bounds>\n        </bpmndi:BPMNLabel>\n      </bpmndi:BPMNEdge>\n      <bpmndi:BPMNEdge bpmnElement=\"flow2\" id=\"BPMNEdge_flow2\">\n        <omgdi:waypoint x=\"362.0\" y=\"250.0\"></omgdi:waypoint>\n        <omgdi:waypoint x=\"575.0\" y=\"205.0\"></omgdi:waypoint>\n        <bpmndi:BPMNLabel>\n          <omgdc:Bounds height=\"16.0\" width=\"96.0\" x=\"397.0\" y=\"226.0\"></omgdc:Bounds>\n        </bpmndi:BPMNLabel>\n      </bpmndi:BPMNEdge>\n      <bpmndi:BPMNEdge bpmnElement=\"flow5\" id=\"BPMNEdge_flow5\">\n        <omgdi:waypoint x=\"523.0\" y=\"177.0\"></omgdi:waypoint>\n        <omgdi:waypoint x=\"362.0\" y=\"177.0\"></omgdi:waypoint>\n        <omgdi:waypoint x=\"362.0\" y=\"250.0\"></omgdi:waypoint>\n        <bpmndi:BPMNLabel>\n          <omgdc:Bounds height=\"16.0\" width=\"32.0\" x=\"391.0\" y=\"160.0\"></omgdc:Bounds>\n        </bpmndi:BPMNLabel>\n      </bpmndi:BPMNEdge>\n      <bpmndi:BPMNEdge bpmnElement=\"flow9\" id=\"BPMNEdge_flow9\">\n        <omgdi:waypoint x=\"523.0\" y=\"377.0\"></omgdi:waypoint>\n        <omgdi:waypoint x=\"362.0\" y=\"381.0\"></omgdi:waypoint>\n        <omgdi:waypoint x=\"362.0\" y=\"305.0\"></omgdi:waypoint>\n        <bpmndi:BPMNLabel>\n          <omgdc:Bounds height=\"16.0\" width=\"32.0\" x=\"391.0\" y=\"388.0\"></omgdc:Bounds>\n        </bpmndi:BPMNLabel>\n      </bpmndi:BPMNEdge>\n      <bpmndi:BPMNEdge bpmnElement=\"flow6\" id=\"BPMNEdge_flow6\">\n        <omgdi:waypoint x=\"628.0\" y=\"177.0\"></omgdi:waypoint>\n        <omgdi:waypoint x=\"727.0\" y=\"177.0\"></omgdi:waypoint>\n        <omgdi:waypoint x=\"727.0\" y=\"260.0\"></omgdi:waypoint>\n        <bpmndi:BPMNLabel>\n          <omgdc:Bounds height=\"16.0\" width=\"48.0\" x=\"644.0\" y=\"189.0\"></omgdc:Bounds>\n        </bpmndi:BPMNLabel>\n      </bpmndi:BPMNEdge>\n    </bpmndi:BPMNPlane>\n  </bpmndi:BPMNDiagram>\n</definitions>',0),('3403',1,'leavebill.png','3401','PNG\r\n\Z\n\0\0\0\rIHDR\0\0/\0\0P\0\0\0\0\0>#IDATx{cWa?1 Ӗ&Ki`DKb5HƉT*UR:*$ªB\n*(!שP`$B!	<6ȃ!/f8w}hǹ\\\\wW\0\0\0+\0\0\0@H\0\0\04\0\0\0I\0\0\04\0\0\0I\0\0\04\0\0\0I\0\0\04\0\0\0I\0\0\04\0\0\0I\0\0\04\0\0\0I\0\0\04\0\0\0I\0\0\04\0\0\0I\0\0\04\0\0\0I\0\0\04\0\0\0I\0\0\04\0\0\0I\0\0\04\0\0\0I\0\0\04\0\0\0I\0\0\04\0\0\0I\0\0\04\0\0\0I\0\0\04\0\0\0I\0\0\04\0\0\0I\0\0\04\0\0\0I\0\0\04\0\0\0I\0\0\04\0\0\0I\0\0\04\0\0\0I\0\0\04\0\0\0I\0\0\04\0\0\0I\0\0\04\0\0\0I\0\0\04\0\0\0I\0\0\04\0\0\0I\0\0\04\0\0\0I\0\0\04\0\0\0I\0\0\04\0\0\0I\0\0\04\0\0\0I\0\0\04\0\0\0I\0\0\04\0\0\0I\0\0\04\0\0\0I\0\0\04\0\0\0I\0\0\04\0\0\0I\0\0\04\0\0\0I\0\0\04\0\0\0I\0\0\04\0\0\0I\0\0\04\0\0\0I\0\0\04\0\0\0I\0\0\04\0\0\0I\0\0\04\0\0\0I\0\0\04\0\0\0I\0\0\04\0\0\0I\0\0\04\0\0\0I\0\0\04\0\0\0I\0\0\04\0\0\0I\0\0\04\0\0\0I\0\0\04\0\0\0I\0\0\04\0\0\0I\0\0\04\0\0\0I\0\0\04\0\0\0I\0\0\04\0\0\0I\0\0\04\0\0\0I\0\0\04\0\0\0I\0\0\04\0\0\0I\0\0\04\0\0\0I\0\0\04\0\0\0I\0\0\04\0\0\0I\0\0\04\0\0\0I\0\0\04\0\0\0I\0\0\04\0\0\0I\0\0\04\0\0\0I\0\0\04\0\0\0I\0\0\04\0\0\0I\0\0\04\0\0\0I\0\0\04\0\0\0I\0\0\04\0\0\0I\0\0\04\0\0\0I\0\0\04\0\0\0I\0\0\04\0\0\0I\0\0\04\0\0\0I\0\0\04\0\0\0I\0\0\04\0\0\0I\0$UVJRPؕW@\\^ZZT*Yw\00q\09x`B(~~xc[[,u]weIɳ\0`H\0PT#:4\'|\"񓳹uG\0D\Z8O_sv_\\uw\0cC\ZZQ^z^Yw\006q\0u{/:^U?_y凳4\0`<H\0tVV#nlAIR<;w}}=\0ƀ4@gKKK[ǟof;9Uʿ^XXȺ\01 Y\\sQ?ߊu4ht㋟W}cT[MG׿Mwe3)w>T,:\0`H\0t633swn^vu$;=s<zX|_|hK^[G_6ǣ~rX<T]\0i3q˺	y1==Sn?R/3Sw?yKQ虭魨Evw-g\0I1\0Ǎ+t_p0AjF>w<z؉WT*ħ>wxX-r]-\0$;朞G:JQNG?<mEѱGg]^k~o?|g˲*7\0 	3`t<$~+Q-Q?(O?Bس/Fݳ>Wz~*vesUo\0@fƷtN-QW\Z%cOp;?֫Sm-\0$Ӟ{~o]?jg{v{67_j(7z[˲*7\0 	3`!iIԥ.~|}oЍ|wu=t/}{X\Z\0F0r?mx&jiw+/ֲ`\r\0Hixji)b\00c\0FZK+n!J\'T-7\0 	3`%zۓWZ\ZB\0$|L;xu9RK+\00~o4Cb\00c\0FT7r۶͖.eSI\0I1\0v!lW-tYy۵!IQa8\0Cf\0tV˜?h.ooвT겞lʓqE{:\0`1\0Y*Ox,IilY\Z|=틤nLK~WuJ\0@fU~P($<2H9qrKjWKs~uU5?twߜOޤxJxoT*Y\'(ƁACx\\OWbcc#ѷ]#-qc;g5\'BsQgʍYw]{	NOOo+++Y7\r\0FKg\0mnn֏sOZ|QO7mY喞oyo{:^nݯvY[y\Zbu[\0`T1\0pxuCZ~ҨٲH5tћ\n>vXOIY[[r\r`\0JT8Ctyw\\ˍ@Tչ\03c\0vdccX,9\\:rҳBjrvܴ͖ƻyT:tP\r1\0;gIu*sh.-4_xгڏ),H.qӺ7[\Zicccff&Y7\0d\0R.nR˜5[\ZWocU%A;&Nۮ~oeuc`߾}Y\0d\07;;{[ԢwK[jvcu[~Ǝۻ\"YwX__ɺ\0%3 ݻwg\n5l.-4~{{[ؾۭ_\ZO\\\093 %Sxoau\0rΌHLzJE\ZO\093 Ru+\"i|x7t_<XS8\09\')ċɓ)7InYyj:FP\00Rq x\ZOnCTKQ-ʹ;<ݱBY$~\0(4==]TnCTKJ%|\Zr{śo0K\0QH4z~\0_\Z}oW!\'\0yfR2xSSS/pɓR*zi$;o\0QH4z\nɓ*}4Z>gQ8*]\0 ?@Jovv?^u2|{;?kW,]ƻ?hHF\03 i;p;2ϷUe#;yڻ$.Ѻ48\0 iؘyOF(	K|J<yn8\0 it?Jo;77NnbR2΃jZ*СD]Jy+|[aW6@Lsb}}X|J)ە8Jo^]zOx{ko#\0QH4z---5.:t(IݩVWy཰4	?>TF\03 ix?3laj0_*WGaR忙[.YuX6@L\'گGs=+Xuuu~-w\\_ˏW]6Ivy ǌ@J`ccc	o}kPVY7ӛm<3\n)FO8iӳ;9]v0vɠ3 iX[[[/\nKKKgi]zWƳnZ\"vɠ3 iZ]]-bj%/yٳg}}=%e<3\n)FRMg޽{mm-`<3\n)FbX.WWW37#\0yfR2}qsxPI&~ ό@JѣR,..sF<dЏ\0QH4z4mnn߿?/gݜaM@LGFJus7#\0yfR2q<|qqq~-5dЏ\0QH4z87Nvɠ3 itVWWKRXl?yx&~ ό@JYw(7#\0yfR2~r<a\'O7#\0yfR2ZNSM@LT*~A?gFA %l<<usFo2G\0(d\Z=$\'T*Y7gD&~ ό@JVKKKj54dЏ\0QH4zVWWrXsxmvɠ3 i@jYe&~ ό@J;T,jm?vɠ3 itj\ZzvWa|0<vɠ3 itGOKSTTB766Zm\\.ѽKln3tg<3\n)F7~}5NvϱT˿b~A?gFA %ZBFNvjU	|A\Z\'@LDXq_\\\\ s46\nonmjo2G\0(d\ZݢGr\Z7j./x.Ѳ]	vɠ3 itCϨ10j;v\r$[ѳN8G\0(d\ZleeX,J\'oO]m4\\*dЏ\0QH4niiP(Gvƻ_XI$_@Lv7#\0yfR4Z6<<yS|R}ic-7J$3 RnѕJqzvl<*DMA:ű&~ ό@J9Fonn6N_nw\'ƛ/t	Q[Ni鎍\'|7#\0yfR4zccc~~~JұN_S|{S&ulU4b7#\0yfϞb|aߗY7mX9|iiZvxK|홖=:RK,)n2G\0(|{h袋VVVn୮bB+)n2G\0(ZyQsݽ{vS+++/d&~ ό@>vi4~W,,,dݨYZZ*ryuu5Ѝ7#\0yfvgף^Z(z,ěֲnIqA?gFAo7x駟OgggܕJeqqÛOΈ&~ ό@\Z_|q=gݐ677}<\'M@4\ZOfqsx\'C<3\n)4:/..Nlw?G\0(c&ΐsssR)NgΉxg\\./--%9WrɰK<3\n89x`\'(~~xc[[,u]weuثqn/s4r}SSS2{_1\0f6RݻG>uLi.O<D\'O(G\Z_?rE\0yc6c q5W:lW/^pRVgyfs?sw\'(ҽ|/7.B>N;Ư⊅\0;x޽l*IʟYw\ZC\'>/B\0x\ZSytcJrw޹~jIo<~q\0lFNxrU}uI/\00V.ܿ_d{\'o:\Z~GX?jt/Fp=]LŬ\'f܏>@nH;?W/H=w2zx(ӿЮb%GFmTG]y\'~ όQZ]YYٿ\\.l|$1==Sn?R/:~/|?~/?ǣ3[[Q^ݵ4~$u$wVqaiiiss3@8fE<يgWSSS|+c]wz_?8gٳ\'~eؑVK6J|S/DNBR\'>ÏnR-wղlX5K}-Nq!z>b񪫮\0䁩V*)Wm^n.xuGT-QoJ\'\'~x$ڊcGμ\rvt׮e~ΖesU䨉74ݍٓ\rB0L87|go.q/iWK4ʮ\'՟z!zgx٫^=?op˲*뒫nh3@|??oT\\>ݻf\\&\0&9O?RK-j(NFOWOt^53ϾEGF=MnkY6WEx;?6 ۝\'y!}<`\'ǂݻw7$_[[zS\0`(38SQx=Yo\'ǏQ lE?:=-lo7詣QoesU4Pqn9%j,;55uС7\0ϼyo|j=>ВK]xCk7^n[߸߹{\'隷_S4ΐtOn_QaL~+S^8BS\0L\rv;z{ϕ7kT~W~mokY0WEx=x۷[OIbnn^J7\0lY[[+w몫zFB-?[D74`xs◾Xb\0dQ;<?ȣ{]գz\Z?o&c#+yvvv #B;w6.\00I6Hoee\\.<{>A\'~(5z755#d8xs_Y߷o_֛\0cAzRSux<~e٫Ǖ~(5K铐owDq\rpD5W;==&jRRgECr8M-PQoi/d7^Wyuu5\r0 \\yB\ZvgY+I`E:Vf0lZi-~.qJ|O\'q<0 /\Zj\Z\r_)m|u]rx{l ORQ1B#(z={d\00f34;;/}yi|\nYoU՗%Y駟˿k;,+iYa$Z{{e盜].APctG\0	R\Zҹ͚˳GzCCh\\p^wWOx,ui	p&ڽyiOcY*åGPfC\Z\ZYo(\0!\098jBon8KJZVoOX3|\'K#|p#BcYo(\0!fffyx\Z«^F.הJai^I߭~[ny]1MκW.]<q055%0Ii4ԓKN78\'P<?rZ4}x^ޮwu\\@6VdاGPLxʝra6CJ暡n.zC{lPXXXyo;,󖎷wrcƤ:0tǅ?Ɂ߼ʋb\n\0a6CJ}e;L}.Ta\ZU8ux8pu|DȕWW>77`͐RP޽{<fNҼ$k^WN欻#h}}*~s.ʗP\03x>W?WJ\'7vXWҸ7Unuvw [_O]pT(/\0Gc-_e6CzCʳC;,+i\\Nz5[~qcc͝N欻ţiaaB>xxwjr֛\0c6CzjP(u+lnnf٫4VR\"Z&ywȺ.]<*Jʁ7|KukkkYo\"\0;K/u`|xjԥͫj;ݡ~uyľZs]p⑵X-OMMTg<`#_~Yo\0;;o}`{1-	to&.e{8Hqz\'ƪ|`\n	c6NU*.`P?ēOsxfZ\Z_鷈jOF)yŧVWW,\00`}}=;9\0҈ַ~K_zF4.ӑ.qqxn|$O5t- \0<cmm΋O;zE4~K&Qv#fѷ8B+;|CoTf3LR?=S~3?ݳވSKQ-YEmߵ.+Yy6lLo<TXX__iޑL_nC?~{myP`0Hj5f\r3qNxO_sM\\}_n(u>m_/,evOlv?,8T*_.`l\0lO훞5r^\Z׹?Ⱥɣƿ[F\'m{0a\ZOBKtwvRСCY7\0laV+++\r-q_^^T*Y7sMMM\'O~K髄j=Nv=o׆${j_塒Q<.P,[vBP.*irJ_%1xoJort@{[6*g\'\0\016;;:}SI^%0w-ㅾ]}itnָ}H\n2vwdoǫGF[	l06?try	p9\'\0@6f`mll̼\'{\\xee%ܓXw4r4NOk^󚵵\00QOFw+Iʿ-ln.xj;IoQ\ZJ8gqg\"\0ȀjZ*СD]Jy+wva;4݁.=x@4>rx9,--e(\0lz(ZS+q/޼zu&}%\'Ϸ=+*a$.V\ZJҾVY7\r\02pС88\'Qt^VV>:3SX]36??l~]|.4ƓDℍLroc-7ƾ7quu5@Pf306`0_*WGaR忙[.Oƾ}\nB˱$[.{TyKOҘml#x+t܏k:,i11OX߲{uIY1=ʹK@ӵx\'rȞbvIlmmmcc#I?Ɨ:\09d64:R,..ƙ<ns=0ɠ3 ƭ\ZO||R=;7ɠ3 9Odݐ4L^,祈/)n2G\0(xkۯyk J&u[7#\0yfSTi38nюbu[7#\0yfg_5?s& Ǯ\nx[&~ ό@*Ji^NFبg&~ ό@zӛHo|\'677g;EȒ&~ ό@t<]sYgMR\ZT*q\Z4NNQ>ɠ3 Пz:O=U)e\"M@r5^ZZ3y\\=\\~L?gFA NWVVbTO揝~I?gFA N(8<Wnw	3 RΧkkkr~ےG9&~ ό@JO|2N>.~A?gFA %87NQ^TnN.&~ ό@J-677(/gݜ	g<3\n)FwTT<\0dЏ\0QH4jZ?Eyɝ|~A?gFA %$L^,So2G\0(d\ZJ)7#\0yfR2j\\.NQsvɠ3 it:kkkSǙ)SM@Lwbcc<dЏ\0QH4z677g;Ey_~A?gFA %AT*q\Z3y̝<!dЏ\0QH4zb2yOvɠ3 i,--ř\\.eݖe<3\n)FJX,JYe&~ ό@JQ<q,ym-vɠ3 it0kkkr~2*~A?gFA %OQ^VnN~A?gFA %LęqJus2c<3\n)Fghssqrɀo2G\0(d\ZJS&~ ό@J#ZOQg7#\0yfR25q&/ryROQuSSSfv}_uH\0yfR2M+++;E?]m.6@LGj\\.tjzg6Gs=wymqm<3\n)F)L>(>pi5W\\uH\0yfR2La; g]^ziQ_6@L}S!7x駟vvv7ǝ\0(d\Z=8ɼq}c4~Yg=ɴ\\|4uC)o#\0QH4z|U)Lob5onnMub	m<3\n)FOWͿR~gY7dЏ\0QH4zo?9眳yѪ\\T*\nD3P.\'ji?vy ǌ@J`aacڜi|8Qk\r7<ǶYm뮻.@.xMo#\0QH4z\"善YT#:4\'|\"K$m<3\n)FDŋ⧯Qe/}.hL=	y ό@J91??_/*Wo#\Z3F\03 it<xpKW$W^;mx ό@JZ\nG:yGw\'m<3\n)FO7E`K\\y_/,,duc\0yfR2xrEK w\"+讣G/~k_y[ESnF7=]b7ߕy0ΤqPX̺Ɔ\0(d\Z=fffέKG蹓3ǣEGџŇv{.)?=|4zh\Z=p<7.sOMMMeuc\0yfR2xO>#\'\'Nu䩿_/_~GѳǣgJ]ݵ4~$K#9\0yfR2xDlW;=Btď+T*}SO<f|udto㮖esU4\\gFA %WK(ѣ3oxî]/ݵkmYe\\/<W\0QH4z3RS/D==bt=_z/{իmwnY6WK#9\0yfR2xD]i\'?btmo:WYOg_#G珞ZC,⥑ݻn\0dƌHIxq?Fxȟي~t,z٭[8W|oGVǫSG8tm-xi$Q(n\0dƌHijjZf\n%Q.o=o>~ru뷾qC7뇿s9t}O5o홧bi|<xpvv6V\0@f\nF֭`jiwkW,\"\'&V\0@fZ֭`ji)\"\'4;;{[\01c\0R*JY!:O<[$677o\0gf@JKKKY!\'~4}n\0dɌH)q ϺQ-?[jP̺!\0%3 [~4ޓO\0@$;&[-o&,UԱZFJ-..^~Y\0g\0盟,^\Zj?GZG~Pݨ0i|(\0uf@z9jY}E,޸N[Rwe[IrF.p?	YwȩT*ۅ@#R)V0q<qⱄKXBǫIuZrWu6/u׍r9;\0hf\0}^}\"\"	voZz	iڶ6˪JR/~VVV*Jֻ3\0ix=;;kj{+T\n}$aٮr4ߵ\\h]7lWSn\03`0<X(7IF]__}zF}{Ixz6iyyՂ	v^ަw_nݯvY[_@RY\00c\0R1/䳳8x|g93$NOO333=3??߳==7СCjY	Kc厗uYϫͫM׶U\r;RW\0Ag`j=3l{Fzg\\}Ohc{F;[ʩS&GBuNsei\0FjY{)0l+yW[nl7݆*B]R-\"i\0FNeѓKs.\'_C]{;W[nLU\rNKDr\0Fe\0:eчz-v\\OtպTn^.kkޖ?uӸ(\0#@g$^~滚\"qI~a:.ҲlZ\0jZнu?P{R94/2.H~]7\0@go<{\00<Y-߯[ƻXqA5	\030f`QHɯ(3<㡿CQ$y;y>\"\0I\'Ǐ$!Z\ZoE/p\0`t]r.HHCRKJet\0`t壶IG\\-[oom\01*#8X/y䷔\r\0H9hi|H\nC}{\r\0H96wl<q7_ɺ\01`\n4i<CXXxGvʿ,}d~~>\0ƀ*0:K6@33z%a)/^YYɺ\01`\nQ~{\nlg)V[۹٬;\r\0fhi9	S_ƻsp\r̗jZ*СD]Jy+4\0`<#-{\nɲ^,a}}%֔JK7^uw\0cQ?޸Վ\ZlСCq ?pON|tfYw\00NPZ.,̗J/-QtXT{yo˥r]\0iVWW߲{%vě~%q Ϻ[\0$\0\0@h8\0\0\0&\0\0@h8\0\0\0&\0\0@h8\0\0\0&\0\0@h8\0\0\0&\0\0@h8\0\0\0&\0\0@h8\0\0\0&\0\0@h8\0\0\0&\0\0@h8\0\0\0&\0\0@h8\0\0\0&\0\0@h8\0\0\0&\0\0@h8\0\0\0&\0\0@h8\0\0\0&\0\0@h8\0\0\0&\0\0@h8\0\0\0&\0\0@h8\0\0\0&\0\0@h8\0\0\0&\0\0@h8\0\0\0&\0\0@h8\0\0\0&\0\0@h8\0\0\0&\0\0@h8\0\0\0&\0\0@h8\0\0\0&\0\0@h8\0\0\0&\0\0@h8\0\0\0&\0\0@h8\0\0\0&\0\0@h8\0\0\0&\0\0@h8\0\0\0&\0\0@h8\0\0\0&\0\0@h8\0\0\0&\0\0@h8\0\0\0&\0\0@h8\0\0\0&\0\0@h8\0\0\0&\0\0@h8\0\0\0&\0\0@h8\0\0\0&\0\0@h8\0\0\0&\0\0@h8\0\0\0&\0\0@h8\0\0\0&\0\0@h8\0\0\0&\0\0@h8\0\0\0&\0\0@h8\0\0\0&\0\0@h8\0\0\0&\0\0@h8\0\0\0&\0\0@h8\0\0\0&\0\0@h8\0\0\0&\0\0@h8\0\0\0&\0\0@h8\0\0\0&\0\0@h8\0\0\0&\0\0@h8\0\0\0&\0\0@h8\0\0\0&\0\0@h8\0\0\0&\0\0@h8\0\0\0&\0\0@h8\0\0\0&\0\0@h8\0\0\0&\0\0@h8\0\0\0&\0\0@h8\0\0\0&\0\0@h8\0\0\0&\0\0@h8\0\0\0&\0\0@h8\0\0\0&\0\0@h8\0\0\0&\0\0@h8\0\0\0&\0\0@h8\0\0\0&\0\0@h8\0\0\0&\0\0@h8\0\0\0&\0\0@h8\0\0\0&\0\0@h8\0\0\0&\0\0@h8\0\0\0&\0\0@h8\0\0\0&\0\0@h8\0\0\0&\0\0@h8\0\0\0&\0\0@h8\0\0\0&\0\0@h8\0\0\0&\0\0@h8\0\0\0&\0\0@h8\0\0\0&\0\0@h8\0\0\0&\0\0@h8\0\0\0&\0\0@h8\0\0\0&\0\0@h8\0\0\0&\0\0@h8\0\0\0&\0\0@h8\0\0\0&\0\0@h8\0\0\0&\0\0@h8\0\0\0&\0\0@h8\0\0\0&\0\0@h8\0\0\0&\0\0@h8\0\0\0&\0\0@h8\0\0\0&\0\0@h8\0\0\0&\0\0@h8\0\0\0&\0\0@h8\0\0\0&\0\0@h8\0\0\0&\0\0@h8\0\0\0&\0\0@h8\0\0\0&\0\0@h8\0\0\0&\0\0@h8\0\0\0&\0\0@h8\0\0\0&\0\0@hP>1d\Z\0\0\0\0IENDB`',0),('902',1,'baoxiaoprocess.bpmn','901','<?xml version=\"1.0\" encoding=\"UTF-8\"?>\n<definitions xmlns=\"http://www.omg.org/spec/BPMN/20100524/MODEL\"\n	xmlns:xsi=\"http://www.w3.org/2001/XMLSchema-instance\" xmlns:xsd=\"http://www.w3.org/2001/XMLSchema\"\n	xmlns:activiti=\"http://activiti.org/bpmn\" xmlns:bpmndi=\"http://www.omg.org/spec/BPMN/20100524/DI\"\n	xmlns:omgdc=\"http://www.omg.org/spec/DD/20100524/DC\" xmlns:omgdi=\"http://www.omg.org/spec/DD/20100524/DI\"\n	typeLanguage=\"http://www.w3.org/2001/XMLSchema\" expressionLanguage=\"http://www.w3.org/1999/XPath\"\n	targetNamespace=\"http://www.activiti.org/test\">\n	<process id=\"baoxiao\" name=\"baoxiaoProcess\" isExecutable=\"true\">\n		<startEvent id=\"startevent1\" name=\"Start\"></startEvent>\n		<userTask id=\"usertask1\" name=\"员工申请报销\" activiti:assignee=\"${inputUser}\"></userTask>\n		<sequenceFlow id=\"flow1\" sourceRef=\"startevent1\"\n			targetRef=\"usertask1\"></sequenceFlow>\n		<userTask id=\"usertask2\" name=\"部门经理审批\">\n			<extensionElements>\n				<activiti:taskListener event=\"create\"\n					class=\"com.web.oa.utils.ManagerTaskHandler\"></activiti:taskListener>\n			</extensionElements>\n		</userTask>\n		<sequenceFlow id=\"flow2\" sourceRef=\"usertask1\" targetRef=\"usertask2\"></sequenceFlow>\n		<endEvent id=\"endevent1\" name=\"End\"></endEvent>\n		<sequenceFlow id=\"flow3\" name=\"不同意\" sourceRef=\"usertask2\"\n			targetRef=\"endevent1\">\n			<conditionExpression xsi:type=\"tFormalExpression\"><![CDATA[${message==\'不同意\'}]]></conditionExpression>\n		</sequenceFlow>\n		<userTask id=\"usertask3\" name=\"财务审核\" activiti:assignee=\"li\"></userTask>\n		<sequenceFlow id=\"flow4\" name=\"金额小于等于5000\" sourceRef=\"usertask2\"\n			targetRef=\"usertask3\">\n			<conditionExpression xsi:type=\"tFormalExpression\"><![CDATA[${message==\'金额小于等于5000\'}]]></conditionExpression>\n		</sequenceFlow>\n		<sequenceFlow id=\"flow5\" sourceRef=\"usertask3\" targetRef=\"endevent1\"></sequenceFlow>\n		<userTask id=\"usertask4\" name=\"总经理审批\">\n			<extensionElements>\n				<activiti:taskListener event=\"create\"\n					class=\"com.web.oa.utils.ManagerTaskHandler\"></activiti:taskListener>\n			</extensionElements>\n		</userTask>\n		<sequenceFlow id=\"flow6\" name=\"金额大于5000\" sourceRef=\"usertask2\"\n			targetRef=\"usertask4\">\n			<conditionExpression xsi:type=\"tFormalExpression\"><![CDATA[${message==\'金额大于5000\'}]]></conditionExpression>\n		</sequenceFlow>\n		<sequenceFlow id=\"flow7\" name=\"不同意\" sourceRef=\"usertask4\"\n			targetRef=\"endevent1\">\n			<conditionExpression xsi:type=\"tFormalExpression\"><![CDATA[${message==\'不同意\'}]]></conditionExpression>\n		</sequenceFlow>\n		<sequenceFlow id=\"flow8\" name=\"同意\" sourceRef=\"usertask4\"\n			targetRef=\"usertask3\">\n			<conditionExpression xsi:type=\"tFormalExpression\"><![CDATA[${message==\'同意\'}]]></conditionExpression>\n		</sequenceFlow>\n		<sequenceFlow id=\"flow9\" name=\"驳回\" sourceRef=\"usertask2\"\n			targetRef=\"usertask1\">\n			<conditionExpression xsi:type=\"tFormalExpression\"><![CDATA[${message==\'驳回\'}]]></conditionExpression>\n		</sequenceFlow>\n		<sequenceFlow id=\"flow10\" name=\"驳回\" sourceRef=\"usertask4\"\n			targetRef=\"usertask1\">\n			<conditionExpression xsi:type=\"tFormalExpression\"><![CDATA[${message==\'驳回\'}]]></conditionExpression>\n		</sequenceFlow>\n	</process>\n	<bpmndi:BPMNDiagram id=\"BPMNDiagram_baoxiao\">\n		<bpmndi:BPMNPlane bpmnElement=\"baoxiao\" id=\"BPMNPlane_baoxiao\">\n			<bpmndi:BPMNShape bpmnElement=\"startevent1\"\n				id=\"BPMNShape_startevent1\">\n				<omgdc:Bounds height=\"35.0\" width=\"35.0\" x=\"360.0\" y=\"50.0\"></omgdc:Bounds>\n			</bpmndi:BPMNShape>\n			<bpmndi:BPMNShape bpmnElement=\"usertask1\" id=\"BPMNShape_usertask1\">\n				<omgdc:Bounds height=\"55.0\" width=\"105.0\" x=\"325.0\" y=\"150.0\"></omgdc:Bounds>\n			</bpmndi:BPMNShape>\n			<bpmndi:BPMNShape bpmnElement=\"usertask2\" id=\"BPMNShape_usertask2\">\n				<omgdc:Bounds height=\"55.0\" width=\"105.0\" x=\"325.0\" y=\"260.0\"></omgdc:Bounds>\n			</bpmndi:BPMNShape>\n			<bpmndi:BPMNShape bpmnElement=\"endevent1\" id=\"BPMNShape_endevent1\">\n				<omgdc:Bounds height=\"35.0\" width=\"35.0\" x=\"360.0\" y=\"380.0\"></omgdc:Bounds>\n			</bpmndi:BPMNShape>\n			<bpmndi:BPMNShape bpmnElement=\"usertask3\" id=\"BPMNShape_usertask3\">\n				<omgdc:Bounds height=\"55.0\" width=\"105.0\" x=\"160.0\" y=\"370.0\"></omgdc:Bounds>\n			</bpmndi:BPMNShape>\n			<bpmndi:BPMNShape bpmnElement=\"usertask4\" id=\"BPMNShape_usertask4\">\n				<omgdc:Bounds height=\"55.0\" width=\"105.0\" x=\"510.0\" y=\"370.0\"></omgdc:Bounds>\n			</bpmndi:BPMNShape>\n			<bpmndi:BPMNEdge bpmnElement=\"flow1\" id=\"BPMNEdge_flow1\">\n				<omgdi:waypoint x=\"377.0\" y=\"85.0\"></omgdi:waypoint>\n				<omgdi:waypoint x=\"377.0\" y=\"150.0\"></omgdi:waypoint>\n			</bpmndi:BPMNEdge>\n			<bpmndi:BPMNEdge bpmnElement=\"flow2\" id=\"BPMNEdge_flow2\">\n				<omgdi:waypoint x=\"377.0\" y=\"205.0\"></omgdi:waypoint>\n				<omgdi:waypoint x=\"377.0\" y=\"260.0\"></omgdi:waypoint>\n			</bpmndi:BPMNEdge>\n			<bpmndi:BPMNEdge bpmnElement=\"flow3\" id=\"BPMNEdge_flow3\">\n				<omgdi:waypoint x=\"377.0\" y=\"315.0\"></omgdi:waypoint>\n				<omgdi:waypoint x=\"377.0\" y=\"380.0\"></omgdi:waypoint>\n				<bpmndi:BPMNLabel>\n					<omgdc:Bounds height=\"14.0\" width=\"36.0\" x=\"377.0\" y=\"328.0\"></omgdc:Bounds>\n				</bpmndi:BPMNLabel>\n			</bpmndi:BPMNEdge>\n			<bpmndi:BPMNEdge bpmnElement=\"flow4\" id=\"BPMNEdge_flow4\">\n				<omgdi:waypoint x=\"377.0\" y=\"315.0\"></omgdi:waypoint>\n				<omgdi:waypoint x=\"212.0\" y=\"370.0\"></omgdi:waypoint>\n				<bpmndi:BPMNLabel>\n					<omgdc:Bounds height=\"14.0\" width=\"96.0\" x=\"252.0\" y=\"329.0\"></omgdc:Bounds>\n				</bpmndi:BPMNLabel>\n			</bpmndi:BPMNEdge>\n			<bpmndi:BPMNEdge bpmnElement=\"flow5\" id=\"BPMNEdge_flow5\">\n				<omgdi:waypoint x=\"265.0\" y=\"397.0\"></omgdi:waypoint>\n				<omgdi:waypoint x=\"360.0\" y=\"397.0\"></omgdi:waypoint>\n			</bpmndi:BPMNEdge>\n			<bpmndi:BPMNEdge bpmnElement=\"flow6\" id=\"BPMNEdge_flow6\">\n				<omgdi:waypoint x=\"377.0\" y=\"315.0\"></omgdi:waypoint>\n				<omgdi:waypoint x=\"562.0\" y=\"370.0\"></omgdi:waypoint>\n				<bpmndi:BPMNLabel>\n					<omgdc:Bounds height=\"14.0\" width=\"72.0\" x=\"429.0\" y=\"329.0\"></omgdc:Bounds>\n				</bpmndi:BPMNLabel>\n			</bpmndi:BPMNEdge>\n			<bpmndi:BPMNEdge bpmnElement=\"flow7\" id=\"BPMNEdge_flow7\">\n				<omgdi:waypoint x=\"510.0\" y=\"397.0\"></omgdi:waypoint>\n				<omgdi:waypoint x=\"395.0\" y=\"397.0\"></omgdi:waypoint>\n				<bpmndi:BPMNLabel>\n					<omgdc:Bounds height=\"14.0\" width=\"36.0\" x=\"421.0\" y=\"380.0\"></omgdc:Bounds>\n				</bpmndi:BPMNLabel>\n			</bpmndi:BPMNEdge>\n			<bpmndi:BPMNEdge bpmnElement=\"flow8\" id=\"BPMNEdge_flow8\">\n				<omgdi:waypoint x=\"562.0\" y=\"425.0\"></omgdi:waypoint>\n				<omgdi:waypoint x=\"562.0\" y=\"473.0\"></omgdi:waypoint>\n				<omgdi:waypoint x=\"378.0\" y=\"473.0\"></omgdi:waypoint>\n				<omgdi:waypoint x=\"212.0\" y=\"473.0\"></omgdi:waypoint>\n				<omgdi:waypoint x=\"212.0\" y=\"425.0\"></omgdi:waypoint>\n				<bpmndi:BPMNLabel>\n					<omgdc:Bounds height=\"14.0\" width=\"24.0\" x=\"377.0\" y=\"459.0\"></omgdc:Bounds>\n				</bpmndi:BPMNLabel>\n			</bpmndi:BPMNEdge>\n			<bpmndi:BPMNEdge bpmnElement=\"flow9\" id=\"BPMNEdge_flow9\">\n				<omgdi:waypoint x=\"325.0\" y=\"287.0\"></omgdi:waypoint>\n				<omgdi:waypoint x=\"268.0\" y=\"284.0\"></omgdi:waypoint>\n				<omgdi:waypoint x=\"268.0\" y=\"177.0\"></omgdi:waypoint>\n				<omgdi:waypoint x=\"325.0\" y=\"177.0\"></omgdi:waypoint>\n				<bpmndi:BPMNLabel>\n					<omgdc:Bounds height=\"14.0\" width=\"24.0\" x=\"278.0\" y=\"221.0\"></omgdc:Bounds>\n				</bpmndi:BPMNLabel>\n			</bpmndi:BPMNEdge>\n			<bpmndi:BPMNEdge bpmnElement=\"flow10\" id=\"BPMNEdge_flow10\">\n				<omgdi:waypoint x=\"562.0\" y=\"370.0\"></omgdi:waypoint>\n				<omgdi:waypoint x=\"562.0\" y=\"177.0\"></omgdi:waypoint>\n				<omgdi:waypoint x=\"430.0\" y=\"177.0\"></omgdi:waypoint>\n				<bpmndi:BPMNLabel>\n					<omgdc:Bounds height=\"14.0\" width=\"24.0\" x=\"530.0\" y=\"246.0\"></omgdc:Bounds>\n				</bpmndi:BPMNLabel>\n			</bpmndi:BPMNEdge>\n		</bpmndi:BPMNPlane>\n	</bpmndi:BPMNDiagram>\n</definitions>',0),('903',1,'baoxiaoprocess.png','901','PNG\r\n\Z\n\0\0\0\rIHDR\0\0\0\0\0\0\03s\0\09VIDATx}xMX7_VIW%O#^JmXoWJ(`DKPr\ZSG\"%Ԋv`\0n!WgbĘ,ú>{w`<y>iovf=~k^;{7\0\0@Udw\0\0\0 \0\0\0\Z\0\0\0\Z\0\0\0\Z\0\0\0\Z\0\0\0\Z\0\0\0\Z\0\0\0\Z\0\0\0\Z\0\0\0\Z\0\0\0\Z\0\0\0\Z\0\0\0\Z\0\0\0\Z\0\0\0\Z\0\0\0\Z\0\0\0\Z\0\0\0\Z\0\0\0\Z\0\0\0\Z\0\0\0\Z\0\0\0\Z\0\0\0\Z\0\0\0\Z\0\0\0\Z\0\0\0\Z\0\0\0\Z\0\0\0\Z\0\0\0\Z\0\0\0\Z\0\0\0\Z\0\0\0\Z\0\0\0\Z\0\0\0\Z\0\0\0\Z\0\0\0\Z\0\0\0\Z\0\0\0\Z\0\0\0\Z\0\0\0\Z\0\0\0\Z\0\0\0\Z\0\0\0\Z\0\0\0\Z\0\0\0\Z\0\0\0\Z\0\0\0\Z\0\0\0\Z\0\0\0\Z\0t(bqdd$ͦ?dĔBPew\0̨\0LCb5;v>~rx|hhh||\\vg\"\"\0JӢܼ}75Je\"\0%Ύ9Cƶ}֭۲e(\0@Q(hrzGtV)\0\"@GDI444T(]7zժ\r]TE\0::/i0V\Z\0Y\0,h\'7ZlVf(\"\0455J|,vwm߾]\"\"\0$J/*:UG{TE\0X,fYK\"{do\"ȡ*t&thppP&\"\0x<ޥHkk׮\0g|UC۶\rP\0BU-[l߾Uюϥi\n Z\0xdNڑGWJP\0BU.}\'NOb7@Plpp[ǻZ60@S$\0%_:DU dH:\0<+sE\0d*Y>cu*k׮\0gcccVEڼ7@PZ&VE7n,J7@PX~x<(-TE\07ѾD\0CU`1EI$EϬZj7@PXBpۦM\\(\ZTE\0+21%/Zf3@QXzvZ>v}⽓$:rQTE\0:RTDa$JKrSO?#{\0DUNMMMYf/vrLVD\0*znݺx{\'=C|n\0QGU臏=&ޯZJvj֭[WnE={_gĔ6mlj*\0!\"\0SX,5k\\JL%QP벻	\0*B\0p@U6\0<\0y\n@/P>^*|)\0@U S\0z@\0U#O\"\0GTE\0<\0y\n@/P>^*|)\0@U S\0z@\0U#O\"\0GTE\0<\0y\n@/P>^*|)\0@U S\0z@\0U#O\"\0GTE\0<\0y\n@/P>^*|)\0@U S\0z@\0U#O\"\0GTE\0<\0y\n@/P>^*|)\0@U S\0z@\0U#O\"\0GTE\0<\0y\n@/P>^*|)\0@U S\0z@\0U#O\"\0GTE\0<\0y\n@/P>^*|)\0@U S\0z@\0U#OB X,JăA+T*\0\0t˓O>9bbQv\0UnQeҥƒhՃz]v\0U./r*ew\n\0Q+Vh%ѦM({\0֨\0t?dQe2>Q Ȩ\0t7߬UE;\0v\0t]VU_pTE\0z S@)R(r\\:N$=(\"Ķ=f\0\0ڡ*BT*j@D?;=:;7&]쁉͛7}\"j#ك |~ƍ:6;7K39ZM@\" lDIJ~أs3vZvmZ=\\\0|>,ێϮ[E @P)J7nWhn7y߶mߒ=h\0EQ[ǫshn֬YR*c||<͟qHmX@CUG6x?.D6ZU߼>2QNϏ=O=V]ggϫ[^Hi/LR@ PL&?7FkӪzfA=5?U?.jhCzlF=v^*yG??м\\t&mX,&{\0Ux槵&\nԙ\Z?~/μWOͩϩuU}vͪh:mF\\\0G97y9u3}slZze#ը\0h@x4+[*83ΩL>60O6ܻoiH5\"\0\Zr޴;h\'ϩoV==+V|+]TE{^gZ6R\\\0GMznA}_i\\+:q^ݹr㚛>^:=i,kriH5\"\0\Zr>?޴(Nͩ̪o{`unE}WQOΨ.ڵ{iH5\"\0\Zr&~˯`er¾?_<pzmmҫ\"\0rhVE=[񭷚T*!\0ѬNҼ6\"\0\Zr{4\\\0G*:Aڨ\0h@x4wi^U\0\r\0fUk*!\0}P(TU˧UQ浵lv5P*Ç/_|bb,U/UQ^۵|uQAUEQ.2턽dɒ|3sv*f\nLl*~U;۷b1m\'ZMH3<m,_-[vwjImVE..eb]8qUv菍S_qWT>O_nhh(Hp\0CU,EH#$jSCǽ6Oi\"d*_m&.n8\n0ǅ~T*uه/`XQeX,eGzZ?dD*ᵢڽqzƉ&[ٺ7|yHݗO|z/_J=Q ~%qbQv׀KPj5-.ak\'d2}M,\nf-qU\Zێ;A߇RiժU_Kjw\';;\"q:ob1V;HnC4k_yjY%˺MZgXЖ2FQ\\Rϩr+$**tZ!D7-ouX{Zr|lZITW4b-eh.{[vG\0\"qhD5qvu=cR[i\"졋:Q;#\0\r\r?e7jf\\v󛦷Ӻi%~`rvCG2S\\\\\08+lVv/5k7״e?*,fتXU6svC[\"\\\08d2RIv/5k_zm%vSOYƙ[YvLСR$Iٽ@\0ZmppPv/\\iGݷʋ ^fqJ>eͱ[1r_nVEGh^UQpp\rr\0}U4(8MB\\\08Hl\'TETEA.rࠏ> i^UQpTD\"!.r@W_4h^UQ0Ik]*м6NÁp@\"pG9YJhDࠏrt,;wn+4O8\nHD(G\'7!GC$\"\0}3OJ_ܷW+?GGQCz_!\0}j2s efo.!\0G\Z,/ܴ/m.=hDqp_9ZQtshVۙL~^%{p:2rtRInT:EkDI$rQ;&s(FGLUZ[d2Q.쁂~<\ZOs(t՞U}z6fiXZqp9\\.48[ǗrDa${X`g8;p@.qA\"p@.*}nK\n$\"\0h_>9FD@\"p@.*}nK\n$\"\0h_>9FD@\"p@.*}nK\n$\"\0h_>9FD@\"p@.*}nK\n$\"\0h_>mnހK\n$\"\069z4iv>8>mW+l):D@\"p`-YNY$:[*x,!Ӎ\0>kE6kyzRtPD1^qVAEgK!B|9eU4>ch6ΖC\n$\"\05ݬl):D@\"pZn9>;hz%dE<4>9FD@\"p@.*}nK\n$\"\0h_>9FD@\"p@.*}nK\n$\"\0h_>9FD@\"p@.*}nK\n$\"\0h_>9FD@\"p@1Č@*}nD<auGѾ`7iLu@W|r/؍abyer{*p@1LL5e1d|`qFU\"\0E+\nbbT*%W^yeR5tPy/8 G/ړO>1E]CGL{nwpMQK\ZϠW벻~Aѝ/rxw|`\">m~GZbVmڴ)H(\"GH>#;/YDL&\'BZ\r7z;w7kU7ƏZrY5G3p@\\V/\r8HDѾ`7%B|ъ\n\\.NG=BLllv||p|ġ|ѥRIT$zwyٹh6bLLLl޼YQտGBc|~ƍ:6;7K39ZM@B?q\rpw9ZDTꇏ=:;7CkמzkVU;&rt>oDimg׭Yqp_9T*mܸan^i}۶}Ku!d>AhEQ[ǫshn֬YR\n>:>ࠏrx>??tuRj۶56PC|>lvXmkU}ʌz`F;=?s?=~j?[QwU=ݮwnKz\"o2J:\\GGb~7dСsg&.ӪzfA=5?U?.jhCzlF=v^*yG??м\\t&mI1ĲQA\"pH$x槵&.g/3\ZO/4~_>yU==SߟS잗Ut4@a8 8HRSSS{J97y9u3}slZze#8\r\n>A:.˲{J_5ꉳ;Ꜫ$oa`c[dqT4($\"\0|_mV97sۧwϫ{rŊeW<w%UўT4($\"\0efeSכ܂ҸVt⼺sO57}:~GUuzF=;XpӲjD`jj_-N\'M;ԜVޝQQw*]T4($\"\0g}MMz_}}T}~|}6y?>vۦۤW\'TEP 8ۺu^8kVE=[񭷚T4($\"\0g-fUtq\Z|+}FUt=i8PHDn+ͪk4($\"\0z:raԬޥymD(|~֭Bͪi8PHD%}]Yh^@a8 ,F^U`*\Z-jUvDБt:H$D6?lvRK{\'Yz~AY˿ur%ڬqx}v+q!|ժ)(}x<n:,\Z.\\xS3&)-uƉ9,%U{i8PHD,wY̦3ؿ.lfCHDѬ	Ԍh)-n9gR٬8QSWwE$\"hǼ6m)}YӯR^i=>XmE$\"hr2fغrnViM[!{p> <:kNfnWĴb6*jW]Q\0> <ZK񦾒Vbv뱟bظN7=td.b8 G8XzjE;>e\\ťOgC;A\"|@x47<5\"cCb1Kfh7;v~\':\\p@\"fMKOz/[WbZ}ǥY}zkd.b8 G&8rBzŖ^ZvzCHDѬ	м6NÁp@\"fU:k4($\"**\n|@xai8PHDѬ^ymDͪB8\r\n> <Uѫ4p0#;ai8PHDH$xh\Z@a8 G&IijdR\"\"HD1:::<|:??e.*Dj59eze7EC HÖe2\r*D*ӟWU=@od.كKPA\"JJPUu֮H򣲇fTEBhrrRFiXn2(I@U$\"pRex8N4>WڳVw7l6-\"X*Dfr9\Z@<< \n#;TERH|@M XTE\"att4JI@Nuj5f2\",*T5r?444<<(nTW*D(}$ 0.MNNH@Ou(HpC-8*\\\"TWոAPp.Z@?Tb*ADS7Ԃ/BaEKD>:i747ԤPA|@Nur9L]Ze%Z.T&|Hק:oEmT(dw$B4TǂH׿Z帡3*W}qH:nL\n\Z>Dǩj=PA\">_t9qCB*G78%\"]Nu\r[rCw!\'AفK_@{m~t8\rJV7ti/=ACӽcTEdZl̓rMtLݜZ_}qQ>6g_v2OK)W>\rD֘ҽ}\\to*8N<uO.|/,OnfkMd*Z@Qn\0=@A\ZӤ魰U\rw0ϑ3Csxó)\rDTY^ic`7ԂttnPA\"ؤ[aǭ,_ڦKϲ[O\0O(=r3%Dt\'u7{ʱhj~6!r/s\" 2WE\\_~094:M-TtiGlu\rC)7:<:ӳt(PC! _$hl+!74Mt>7zXAv{0L\'BuHg9j˞<[VEcccDb희4.RTS|ñi=/zZخ~VoƧkKD:O嬛M*]^߲eАarl6F5ww>gnx2p|O$tkgÛU\\jzT]^?GL{`#:\"`DI$\n#Q-ڢ5.O[|rݼS9|ݱ7?ٗ?<r ӹ]P*mqD|\rnfNn^ͳ;x/^Ud31h<P\\H7M$pf|`SQp=6B*2sS¦/N7::cEؾN&BKD:Nu&nE\n>wz>rѹDTJJ<}C-HD=R*ՃS];SSSCCC\\j\n$\".e2(8>z?66&#*+◈ty֭P#T t8չ\r5B|@WpȄS\'QF@\",qJV.eHD~Q;gjj*Nrل\n$\"\0pNhsttTvGzPD.9T!Qv0\r5B|@GD:_T*P#T ,TpP#T ,TP#T x699%\"8uC(o*<PEA\Z\Z\nI78uOPH$\">e\n$\"\0&\'\'STX?mJE|J%}>~RKT\">3L6k\n$\"\0\\\")}}CPDp}~zKD>TK}}CPDs=\"/]ޚKDT{nx WHD!v=t7EKDNȈVu1\\sr]F@\"QrJ*~;vQ7pHC*J&R{x\\THfPD\"Բe#_!ĩNj.lذAv,*Ct7ʱXT}_rBꤻL~u}ߖ/3B|l6lٲիW5\\L&WNa1\n7pêU\n_]PDkhhH߫ꦛn\Z)jUvBS]@ .[oM1.ew\n$\"Q|Ѭ8STJ&HݑHDE\nB.KӉDb Ķ=fǃMTld\r!S\"c^$|ΝGf.͛>D β4R@-W^!3*\n\'oܸ[ffiv\"S3|ׯZ&@fUQ$\'ެGgfhSO?vZ>p#EQ.]j,V^=88ȍ 3`BU	`3ٷ;]+T/\\\"3`BU~Ri\rs\nM7۶[-TVXD6mJ$d*\n9q硷Wܴ3Y_d2(\n2Bn||<͟qHm<曵HvG!2B.N<߆V7/ϩ̨fԽcO<vϪuY:x疻!)}TJЅJVgSg\0KTE!L&?7Fk4gSYUxpಫ6dϩfcժW7g\"ئϜb.l+ABf 3y*{\'OkMԙ\Z?~/μWOͩϩuU}v7)sől6H&S0r\0\\3֛̼z:{o}nfN|e#}Ő?Jo_IP!3`f_5rYiuNUggf700𱁁حٸ}MF\\.\r\rЮ&Hi=q3<=_\0\\3@:xGiC\\b.b~I>Ӳj>E!J}ߜxbnܸ4g6e7=e@f%87}yuʍkno_{uˏΫzv=e#}j5%{z?ηk\';<XM\"em\"ˋ@Ed2,1!\'\"S?^<X][?xwF}GQUԓ3~v1-FsZF	2}=dxA}X,699ٛnb׊Zg믘!3`9SJ_=X/|vo<&>ntD8EQWڶe=dl?oүi?TkE5U\"\r\0Kp5sv=w9[MF\\rzLL<Hk{_ǵTX}Zqb(0cCNҼ6rbQ?Y.*=3ƺgbU\rd2,1!}ޣym>7RV\rd2K\"1\Z\n˺GUAk~Af 3rw浑\n\\b:KUtz[vf[+\'}@f%8䚹]FsN{KI>x<XL,2kwh^^^o-uHoV%5m}4w@f%8䚹F}jYZ|j||\\鴿%hwᗡv.\0ܷ8J˗OLLݲel_=km;v>|hhzoמ(:Af 3r략֗s9Of}\\veZ	dɒ|3*$hO=3WEGVH$Wܾ}Ń8rs{J\n}z2\\bCN.o3,S6s|ݜ6ҍFLXlwܡ}a^Nޗ^xJO}ؓ!cE 9TM-pƉ.s2\\bCی4)3y6_QZygǗq/4&{`[ie\'utr\\M[	<tն[V[dNZ&QT*T2ԦСnTE2g/};|T*%{7_v+i=ZsZ&o\n`f.8oiizqW}JThZ|4edwE}M,\n%;$:Im?YT*VZukO-]?~)>Vb<`[Mް+,g7WBf:M[>]شS6׺4]N:|X,d(ymG|~q萶r!Q\\RL?zKBŗ#JZycxD5WX\0UIZ\nˢr}+_e^=m\\.Ң?Wo]P*rs;Z1r+\"\0\\3)oiM\n3j[6@T*hg֭[\\T?74zX&֜`y컙.!&7zp5Bߦif_OVhBoD\">D+L#ߏ \nWn%lR\\њ\0\\3)э/gbzZv/!{nxxX5kx+ܢ60V\nLe?]\nSO+cBf.M[mMSgXS.mrCtz]B~ߏ]/_\0]c?KDa19W 3r\\pf\\qZ_Skk=t}`llLX,W=Y[lq!zq˵On0!Gh^ϥ!#\nN3k֬W862ki^ϥj\Zjfq[(eٛ~d2,1!G#u(bwwЎޠH 3`9q/,ym>OŢ~h~%6m2~gdXbC^ym>*/clGٸqqfQTq㬗dXbC*4ܷz}ddDw&k׮mT.=Ff 3r*k#-o(NONNr\0xw~Wh\ZC\nQR)S%H$۹>$\0Kpȉ3otaS#!dXbC.}A}{d2){.\"3`(FGGMC|^]Df 3UQUd甽A˖\\,eEd2,QHÖe2\r:2OQtshV)@d\Zud2ZQEBRInT:EkD\'rQ\0otTu?M&?(dQE(t՞U}z6fiXQEN\\hp\\OpǗrD=,dd#2CdQA\ZVdHDU9v-ސu,W\rCA+W; X 	~au]755%;\0|zŴ+馛d@PA\"fXrN\n\"HDz`zEQdw\r@ PA\"=裏jЍ7ިWE\"HD~]uUD\"7tRPA\"655UVՏrx\0訊 i}\0Z i}\0Z i}\0Z i}\0Z i}\0Z i}\0Z i}\0Z i}\0Z i}\0Z i}\0Z i}\0Z i}\0Z i}\0Z i}\0Z i}\0Z i}\0Z i}\0Z i}\0Z i}\0Z i}\0Z i}\0Z i}\0Z i}\0Z ib({ X iDZ\0BU>HJd@jAٽ@tQAt:].e5VDBv/]$He3`qGoJL&#.\r%(dcS٘2J=)#M{\"@JL&e7=墨d2RIv/]d#嵢٨\"V%	`$\"@[zZ>W\05I)o\rDA/@VMdt:-U׊\"/\"5oddQi~Dؖ-[d*B0g2z.#\"76I2yJ\"AQ*,ETE6Ļ1qsAA,)\"%3x	v|;fHߺu+(d(RITEt\08\"w@TE\0\0\0\rTE\0\0\0\rTE\0\0\0\rTE\0\0\0\rTE\0\0\0\rxAS\'Í\0\0\0\0IENDB`',0);

/*Table structure for table `act_ge_property` */

DROP TABLE IF EXISTS `act_ge_property`;

CREATE TABLE `act_ge_property` (
  `NAME_` varchar(64) COLLATE utf8_bin NOT NULL,
  `VALUE_` varchar(300) COLLATE utf8_bin DEFAULT NULL,
  `REV_` int(11) DEFAULT NULL,
  PRIMARY KEY (`NAME_`)
) ENGINE=InnoDB DEFAULT CHARSET=utf8 COLLATE=utf8_bin;

/*Data for the table `act_ge_property` */

insert  into `act_ge_property`(`NAME_`,`VALUE_`,`REV_`) values ('next.dbid','3601',37),('schema.history','create(5.13)',1),('schema.version','5.13',1);

/*Table structure for table `act_hi_actinst` */

DROP TABLE IF EXISTS `act_hi_actinst`;

CREATE TABLE `act_hi_actinst` (
  `ID_` varchar(64) COLLATE utf8_bin NOT NULL,
  `PROC_DEF_ID_` varchar(64) COLLATE utf8_bin NOT NULL,
  `PROC_INST_ID_` varchar(64) COLLATE utf8_bin NOT NULL,
  `EXECUTION_ID_` varchar(64) COLLATE utf8_bin NOT NULL,
  `ACT_ID_` varchar(255) COLLATE utf8_bin NOT NULL,
  `TASK_ID_` varchar(64) COLLATE utf8_bin DEFAULT NULL,
  `CALL_PROC_INST_ID_` varchar(64) COLLATE utf8_bin DEFAULT NULL,
  `ACT_NAME_` varchar(255) COLLATE utf8_bin DEFAULT NULL,
  `ACT_TYPE_` varchar(255) COLLATE utf8_bin NOT NULL,
  `ASSIGNEE_` varchar(64) COLLATE utf8_bin DEFAULT NULL,
  `START_TIME_` datetime NOT NULL,
  `END_TIME_` datetime DEFAULT NULL,
  `DURATION_` bigint(20) DEFAULT NULL,
  PRIMARY KEY (`ID_`),
  KEY `ACT_IDX_HI_ACT_INST_START` (`START_TIME_`),
  KEY `ACT_IDX_HI_ACT_INST_END` (`END_TIME_`),
  KEY `ACT_IDX_HI_ACT_INST_PROCINST` (`PROC_INST_ID_`,`ACT_ID_`),
  KEY `ACT_IDX_HI_ACT_INST_EXEC` (`EXECUTION_ID_`,`ACT_ID_`)
) ENGINE=InnoDB DEFAULT CHARSET=utf8 COLLATE=utf8_bin;

/*Data for the table `act_hi_actinst` */

insert  into `act_hi_actinst`(`ID_`,`PROC_DEF_ID_`,`PROC_INST_ID_`,`EXECUTION_ID_`,`ACT_ID_`,`TASK_ID_`,`CALL_PROC_INST_ID_`,`ACT_NAME_`,`ACT_TYPE_`,`ASSIGNEE_`,`START_TIME_`,`END_TIME_`,`DURATION_`) values ('1002','baoxiao:1:904','905','905','usertask2','1003',NULL,'部门经理审批','userTask','mike','2020-08-27 09:30:44','2020-08-27 10:14:20',2616051),('1304','baoxiao:1:904','1303','1303','startevent1',NULL,NULL,'Start','startEvent',NULL,'2020-08-27 10:56:44','2020-08-27 10:56:44',1),('1307','baoxiao:1:904','1303','1303','usertask1','1308',NULL,'员工申请报销','userTask','zhang','2020-08-27 10:56:44','2020-08-27 11:05:24',520214),('1311','baoxiao:1:904','1303','1303','usertask2','1312',NULL,'部门经理审批','userTask','mike','2020-08-27 11:05:24','2020-08-27 11:06:10',46320),('1316','baoxiao:1:904','1303','1303','usertask3','1317',NULL,'财务审核','userTask','li','2020-08-27 11:06:10','2020-08-27 11:08:02',112178),('1320','baoxiao:1:904','1303','1303','endevent1',NULL,NULL,'End','endEvent',NULL,'2020-08-27 11:08:02','2020-08-27 11:08:02',1),('1419','baoxiao:1:904','1418','1418','startevent1',NULL,NULL,'Start','startEvent',NULL,'2020-08-27 11:21:27','2020-08-27 11:21:27',0),('1422','baoxiao:1:904','1418','1418','usertask1','1423',NULL,'员工申请报销','userTask','zhang','2020-08-27 11:21:27','2020-08-27 11:23:04',97071),('1426','baoxiao:1:904','1418','1418','usertask2','1427',NULL,'部门经理审批','userTask','mike','2020-08-27 11:23:04','2020-08-27 11:24:07',63229),('1431','baoxiao:1:904','1418','1418','usertask4','1432',NULL,'总经理审批','userTask','danny','2020-08-27 11:24:07','2020-08-27 11:25:05',58262),('1435','baoxiao:1:904','1418','1418','usertask3','1436',NULL,'财务审核','userTask','li','2020-08-27 11:25:05','2020-08-27 11:26:01',56278),('1439','baoxiao:1:904','1418','1418','endevent1',NULL,NULL,'End','endEvent',NULL,'2020-08-27 11:26:01','2020-08-27 11:26:01',0),('1442','baoxiao:1:904','1440','1440','startevent1',NULL,NULL,'Start','startEvent',NULL,'2020-08-27 11:27:11','2020-08-27 11:27:11',0),('1445','baoxiao:1:904','1440','1440','usertask1','1446',NULL,'员工申请报销','userTask','zhang','2020-08-27 11:27:11','2020-08-27 11:29:00',108678),('1449','baoxiao:1:904','1440','1440','usertask2','1450',NULL,'部门经理审批','userTask','mike','2020-08-27 11:29:00','2020-08-27 11:29:57',56502),('1453','baoxiao:1:904','1440','1440','usertask1','1454',NULL,'员工申请报销','userTask','zhang','2020-08-27 11:29:57','2020-08-27 11:30:58',61091),('1456','baoxiao:1:904','1440','1440','usertask2','1457',NULL,'部门经理审批','userTask','mike','2020-08-27 11:30:58','2020-08-27 11:31:29',31164),('1459','baoxiao:1:904','1440','1440','usertask1','1460',NULL,'员工申请报销','userTask','zhang','2020-08-27 11:31:29','2020-08-27 11:32:08',39107),('1462','baoxiao:1:904','1440','1440','usertask2','1463',NULL,'部门经理审批','userTask','mike','2020-08-27 11:32:08','2020-08-27 11:32:51',43181),('1465','baoxiao:1:904','1440','1440','endevent1',NULL,NULL,'End','endEvent',NULL,'2020-08-27 11:32:51','2020-08-27 11:32:51',1),('2006','LeaveBillProcess:1:2004','2005','2005','startevent1',NULL,NULL,'Start','startEvent',NULL,'2020-08-28 16:25:28','2020-08-28 16:25:28',1),('2009','LeaveBillProcess:1:2004','2005','2005','usertask1','2010',NULL,'提交申请','userTask','danny','2020-08-28 16:25:28','2020-08-28 16:25:47',18986),('2013','LeaveBillProcess:1:2004','2005','2005','usertask2','2014',NULL,'主管审批','userTask','danny','2020-08-28 16:25:47','2020-08-28 16:27:29',102463),('2016','LeaveBillProcess:1:2004','2005','2005','usertask3','2017',NULL,'总经理审批','userTask','danny','2020-08-28 16:27:29','2020-08-28 16:27:57',28163),('2019','LeaveBillProcess:1:2004','2005','2005','endevent1',NULL,NULL,'End','endEvent',NULL,'2020-08-28 16:27:57','2020-08-28 16:27:57',0),('2022','LeaveBillProcess:1:2004','2020','2020','startevent1',NULL,NULL,'Start','startEvent',NULL,'2020-08-28 16:30:44','2020-08-28 16:30:44',0),('2025','LeaveBillProcess:1:2004','2020','2020','usertask1','2026',NULL,'提交申请','userTask','mike','2020-08-28 16:30:44','2020-08-28 16:30:57',12646),('2029','LeaveBillProcess:1:2004','2020','2020','usertask2','2030',NULL,'主管审批','userTask','danny','2020-08-28 16:30:57','2020-08-28 16:31:36',39068),('2032','LeaveBillProcess:1:2004','2020','2020','usertask3','2033',NULL,'总经理审批','userTask','danny','2020-08-28 16:31:36','2020-08-28 16:32:11',35448),('2035','LeaveBillProcess:1:2004','2020','2020','endevent1',NULL,NULL,'End','endEvent',NULL,'2020-08-28 16:32:11','2020-08-28 16:32:11',0),('3002','baoxiaobill:1:2904','3001','3001','startevent1',NULL,NULL,'Start','startEvent',NULL,'2020-08-29 15:37:55','2020-08-29 15:37:55',36),('3005','baoxiaobill:1:2904','3001','3001','usertask1','3006',NULL,'员工申请报销','userTask','zhang','2020-08-29 15:37:55','2020-08-29 15:38:04',8647),('3010','baoxiaobill:1:2904','3001','3001','usertask2','3011',NULL,'部门经理审批','userTask','mike','2020-08-29 15:38:04','2020-08-29 15:39:45',100693),('3014','baoxiaobill:1:2904','3013','3013','startevent1',NULL,NULL,'Start','startEvent',NULL,'2020-08-29 15:39:04','2020-08-29 15:39:04',1),('3017','baoxiaobill:1:2904','3013','3013','usertask1','3018',NULL,'员工申请报销','userTask','mike','2020-08-29 15:39:04','2020-08-29 15:39:27',23058),('3022','baoxiaobill:1:2904','3013','3013','usertask4','3023',NULL,'总经理审批','userTask','danny','2020-08-29 15:39:27','2020-08-29 15:45:37',369839),('3027','baoxiaobill:1:2904','3001','3001','usertask1','3028',NULL,'员工申请报销','userTask','zhang','2020-08-29 15:39:45','2020-08-29 15:40:29',43902),('3030','baoxiaobill:1:2904','3001','3001','usertask2','3031',NULL,'部门经理审批','userTask','mike','2020-08-29 15:40:29','2020-08-29 15:41:59',90389),('3033','baoxiaobill:1:2904','3032','3032','startevent1',NULL,NULL,'Start','startEvent',NULL,'2020-08-29 15:40:47','2020-08-29 15:40:47',1),('3036','baoxiaobill:1:2904','3032','3032','usertask1','3037',NULL,'员工申请报销','userTask','zhang','2020-08-29 15:40:47','2020-08-29 15:40:54',6975),('3041','baoxiaobill:1:2904','3032','3032','usertask2','3042',NULL,'部门经理审批','userTask','mike','2020-08-29 15:40:54','2020-08-29 15:41:37',42698),('3046','baoxiaobill:1:2904','3032','3032','endevent1',NULL,NULL,'End','endEvent',NULL,'2020-08-29 15:41:37','2020-08-29 15:41:37',0),('3048','baoxiaobill:1:2904','3001','3001','usertask3','3049',NULL,'财务审核','userTask','li','2020-08-29 15:41:59','2020-08-29 15:54:09',730264),('3053','baoxiaobill:1:2904','3051','3051','startevent1',NULL,NULL,'Start','startEvent',NULL,'2020-08-29 15:42:51','2020-08-29 15:42:51',0),('3056','baoxiaobill:1:2904','3051','3051','usertask1','3057',NULL,'员工申请报销','userTask','zhang','2020-08-29 15:42:51','2020-08-29 15:42:56',4797),('3060','baoxiaobill:1:2904','3051','3051','usertask2','3061',NULL,'部门经理审批','userTask','mike','2020-08-29 15:42:56','2020-08-29 15:43:51',54583),('3064','baoxiaobill:1:2904','3063','3063','startevent1',NULL,NULL,'Start','startEvent',NULL,'2020-08-29 15:43:27','2020-08-29 15:43:27',0),('3067','baoxiaobill:1:2904','3063','3063','usertask1','3068',NULL,'员工申请报销','userTask','mike','2020-08-29 15:43:27','2020-08-29 15:44:04',37111),('3072','baoxiaobill:1:2904','3051','3051','usertask4','3073',NULL,'总经理审批','userTask','danny','2020-08-29 15:43:51','2020-08-29 15:45:24',93104),('3077','baoxiaobill:1:2904','3063','3063','usertask4','3078',NULL,'总经理审批','userTask','danny','2020-08-29 15:44:04','2020-08-29 15:44:50',45615),('3082','baoxiaobill:1:2904','3063','3063','usertask1','3083',NULL,'员工申请报销','userTask','mike','2020-08-29 15:44:50','2020-08-29 15:51:52',421848),('3085','baoxiaobill:1:2904','3051','3051','usertask1','3086',NULL,'员工申请报销','userTask','zhang','2020-08-29 15:45:24','2020-08-29 15:47:39',135235),('3089','baoxiaobill:1:2904','3013','3013','endevent1',NULL,NULL,'End','endEvent',NULL,'2020-08-29 15:45:37','2020-08-29 15:45:37',0),('3092','baoxiaobill:1:2904','3090','3090','startevent1',NULL,NULL,'Start','startEvent',NULL,'2020-08-29 15:46:48','2020-08-29 15:46:48',1),('3095','baoxiaobill:1:2904','3090','3090','usertask1','3096',NULL,'员工申请报销','userTask','zhang','2020-08-29 15:46:48','2020-08-29 15:50:11',203406),('3099','baoxiaobill:1:2904','3051','3051','usertask2','3100',NULL,'部门经理审批','userTask','mike','2020-08-29 15:47:39','2020-08-29 15:51:43',244442),('3103','baoxiaobill:1:2904','3090','3090','usertask2','3104',NULL,'部门经理审批','userTask','mike','2020-08-29 15:50:11','2020-08-29 15:51:22',71446),('3107','baoxiaobill:1:2904','3090','3090','usertask4','3108',NULL,'总经理审批','userTask','danny','2020-08-29 15:51:22','2020-08-29 15:52:35',72908),('3111','baoxiaobill:1:2904','3051','3051','usertask3','3112',NULL,'财务审核','userTask','li','2020-08-29 15:51:43','2020-08-29 15:54:15',151813),('3115','baoxiaobill:1:2904','3063','3063','usertask4','3116',NULL,'总经理审批','userTask','danny','2020-08-29 15:51:52','2020-08-29 15:52:24',32091),('3118','baoxiaobill:1:2904','3063','3063','usertask3','3119',NULL,'财务审核','userTask','li','2020-08-29 15:52:24','2020-08-29 15:54:02',97694),('3122','baoxiaobill:1:2904','3090','3090','usertask3','3123',NULL,'财务审核','userTask','li','2020-08-29 15:52:35','2020-08-29 15:53:55',79664),('3126','baoxiaobill:1:2904','3090','3090','endevent1',NULL,NULL,'End','endEvent',NULL,'2020-08-29 15:53:55','2020-08-29 15:53:55',0),('3128','baoxiaobill:1:2904','3063','3063','endevent1',NULL,NULL,'End','endEvent',NULL,'2020-08-29 15:54:02','2020-08-29 15:54:02',0),('3130','baoxiaobill:1:2904','3001','3001','endevent1',NULL,NULL,'End','endEvent',NULL,'2020-08-29 15:54:09','2020-08-29 15:54:09',0),('3132','baoxiaobill:1:2904','3051','3051','endevent1',NULL,NULL,'End','endEvent',NULL,'2020-08-29 15:54:15','2020-08-29 15:54:15',0),('3406','baoxiaobill:1:2904','3405','3405','startevent1',NULL,NULL,'Start','startEvent',NULL,'2020-08-29 16:26:24','2020-08-29 16:26:24',1),('3409','baoxiaobill:1:2904','3405','3405','usertask1','3410',NULL,'员工申请报销','userTask','zhang','2020-08-29 16:26:24',NULL,NULL),('3413','leavebill:1:3404','3412','3412','startevent1',NULL,NULL,'Start','startEvent',NULL,'2020-08-29 16:26:35','2020-08-29 16:26:35',1),('3416','leavebill:1:3404','3412','3412','usertask1','3417',NULL,'提交申请','userTask','zhang','2020-08-29 16:26:35','2020-08-29 16:28:03',88270),('3420','leavebill:1:3404','3419','3419','startevent1',NULL,NULL,'Start','startEvent',NULL,'2020-08-29 16:26:46','2020-08-29 16:26:46',0),('3423','leavebill:1:3404','3419','3419','usertask1','3424',NULL,'提交申请','userTask','zhang','2020-08-29 16:26:46','2020-08-29 16:27:59',72630),('3427','leavebill:1:3404','3426','3426','startevent1',NULL,NULL,'Start','startEvent',NULL,'2020-08-29 16:27:11','2020-08-29 16:27:11',1),('3430','leavebill:1:3404','3426','3426','usertask1','3431',NULL,'提交申请','userTask','zhang','2020-08-29 16:27:11','2020-08-29 16:27:53',41778),('3435','leavebill:1:3404','3426','3426','usertask2','3436',NULL,'部门经理审批','userTask','mike','2020-08-29 16:27:53','2020-08-29 16:30:11',137683),('3440','leavebill:1:3404','3419','3419','usertask2','3441',NULL,'部门经理审批','userTask','mike','2020-08-29 16:27:59','2020-08-29 16:30:00',121483),('3445','leavebill:1:3404','3412','3412','usertask2','3446',NULL,'部门经理审批','userTask','mike','2020-08-29 16:28:03','2020-08-29 16:29:51',107900),('3449','leavebill:1:3404','3448','3448','startevent1',NULL,NULL,'Start','startEvent',NULL,'2020-08-29 16:28:41','2020-08-29 16:28:41',0),('3452','leavebill:1:3404','3448','3448','usertask1','3453',NULL,'提交申请','userTask','mike','2020-08-29 16:28:41','2020-08-29 16:29:33',51512),('3456','leavebill:1:3404','3455','3455','startevent1',NULL,NULL,'Start','startEvent',NULL,'2020-08-29 16:28:50','2020-08-29 16:28:50',0),('3459','leavebill:1:3404','3455','3455','usertask1','3460',NULL,'提交申请','userTask','mike','2020-08-29 16:28:50','2020-08-29 16:29:25',35235),('3463','leavebill:1:3404','3462','3462','startevent1',NULL,NULL,'Start','startEvent',NULL,'2020-08-29 16:29:00','2020-08-29 16:29:00',0),('3466','leavebill:1:3404','3462','3462','usertask1','3467',NULL,'提交申请','userTask','mike','2020-08-29 16:29:00','2020-08-29 16:29:19',18967),('3471','leavebill:1:3404','3462','3462','usertask3','3472',NULL,'总经理审批','userTask','danny','2020-08-29 16:29:19','2020-08-29 16:31:18',119024),('3476','leavebill:1:3404','3455','3455','usertask3','3477',NULL,'总经理审批','userTask','danny','2020-08-29 16:29:25','2020-08-29 16:31:08',103042),('3481','leavebill:1:3404','3448','3448','usertask3','3482',NULL,'总经理审批','userTask','danny','2020-08-29 16:29:33','2020-08-29 16:30:58',85128),('3486','leavebill:1:3404','3412','3412','usertask1','3487',NULL,'提交申请','userTask','zhang','2020-08-29 16:29:51','2020-08-29 16:31:51',119805),('3490','leavebill:1:3404','3419','3419','usertask3','3491',NULL,'总经理审批','userTask','danny','2020-08-29 16:30:00','2020-08-29 16:30:46',45806),('3495','leavebill:1:3404','3426','3426','endevent1',NULL,NULL,'End','endEvent',NULL,'2020-08-29 16:30:11','2020-08-29 16:30:11',0),('3497','leavebill:1:3404','3419','3419','endevent1',NULL,NULL,'End','endEvent',NULL,'2020-08-29 16:30:46','2020-08-29 16:30:46',4),('3500','leavebill:1:3404','3448','3448','usertask1','3501',NULL,'提交申请','userTask','mike','2020-08-29 16:30:58','2020-08-29 16:33:00',122074),('3504','leavebill:1:3404','3455','3455','endevent1',NULL,NULL,'End','endEvent',NULL,'2020-08-29 16:31:08','2020-08-29 16:31:08',0),('3507','leavebill:1:3404','3462','3462','endevent1',NULL,NULL,'End','endEvent',NULL,'2020-08-29 16:31:18','2020-08-29 16:31:18',0),('3509','leavebill:1:3404','3412','3412','usertask2','3510',NULL,'部门经理审批','userTask','mike','2020-08-29 16:31:51','2020-08-29 16:32:44',53195),('3512','leavebill:1:3404','3412','3412','usertask3','3513',NULL,'总经理审批','userTask','danny','2020-08-29 16:32:44',NULL,NULL),('3516','leavebill:1:3404','3448','3448','usertask3','3517',NULL,'总经理审批','userTask','danny','2020-08-29 16:33:00',NULL,NULL),('906','baoxiao:1:904','905','905','startevent1',NULL,NULL,'Start','startEvent',NULL,'2020-08-27 09:18:26','2020-08-27 09:18:26',43),('909','baoxiao:1:904','905','905','usertask1','910',NULL,'员工申请报销','userTask','zhang','2020-08-27 09:18:26','2020-08-27 09:30:44',738099);

/*Table structure for table `act_hi_attachment` */

DROP TABLE IF EXISTS `act_hi_attachment`;

CREATE TABLE `act_hi_attachment` (
  `ID_` varchar(64) COLLATE utf8_bin NOT NULL,
  `REV_` int(11) DEFAULT NULL,
  `USER_ID_` varchar(255) COLLATE utf8_bin DEFAULT NULL,
  `NAME_` varchar(255) COLLATE utf8_bin DEFAULT NULL,
  `DESCRIPTION_` varchar(4000) COLLATE utf8_bin DEFAULT NULL,
  `TYPE_` varchar(255) COLLATE utf8_bin DEFAULT NULL,
  `TASK_ID_` varchar(64) COLLATE utf8_bin DEFAULT NULL,
  `PROC_INST_ID_` varchar(64) COLLATE utf8_bin DEFAULT NULL,
  `URL_` varchar(4000) COLLATE utf8_bin DEFAULT NULL,
  `CONTENT_ID_` varchar(64) COLLATE utf8_bin DEFAULT NULL,
  PRIMARY KEY (`ID_`)
) ENGINE=InnoDB DEFAULT CHARSET=utf8 COLLATE=utf8_bin;

/*Data for the table `act_hi_attachment` */

/*Table structure for table `act_hi_comment` */

DROP TABLE IF EXISTS `act_hi_comment`;

CREATE TABLE `act_hi_comment` (
  `ID_` varchar(64) COLLATE utf8_bin NOT NULL,
  `TYPE_` varchar(255) COLLATE utf8_bin DEFAULT NULL,
  `TIME_` datetime NOT NULL,
  `USER_ID_` varchar(255) COLLATE utf8_bin DEFAULT NULL,
  `TASK_ID_` varchar(64) COLLATE utf8_bin DEFAULT NULL,
  `PROC_INST_ID_` varchar(64) COLLATE utf8_bin DEFAULT NULL,
  `ACTION_` varchar(255) COLLATE utf8_bin DEFAULT NULL,
  `MESSAGE_` varchar(4000) COLLATE utf8_bin DEFAULT NULL,
  `FULL_MSG_` longblob,
  PRIMARY KEY (`ID_`)
) ENGINE=InnoDB DEFAULT CHARSET=utf8 COLLATE=utf8_bin;

/*Data for the table `act_hi_comment` */

insert  into `act_hi_comment`(`ID_`,`TYPE_`,`TIME_`,`USER_ID_`,`TASK_ID_`,`PROC_INST_ID_`,`ACTION_`,`MESSAGE_`,`FULL_MSG_`) values ('1001','comment','2020-08-27 09:30:44','zhang','910','905','AddComment','报销流程测试1','报销流程测试1'),('1201','comment','2020-08-27 10:14:20','mike','1003','905','AddComment','',''),('1310','comment','2020-08-27 11:05:24','zhang','1308','1303','AddComment','报销流程测试02','报销流程测试02'),('1314','comment','2020-08-27 11:06:10','mike','1312','1303','AddComment','报销流程测试002','报销流程测试002'),('1319','comment','2020-08-27 11:08:02','li','1317','1303','AddComment','报销流程测试0002','报销流程测试0002'),('1425','comment','2020-08-27 11:23:04','zhang','1423','1418','AddComment','报销流程测试03','报销流程测试03'),('1429','comment','2020-08-27 11:24:07','mike','1427','1418','AddComment','报销流程测试003','报销流程测试003'),('1434','comment','2020-08-27 11:25:05','danny','1432','1418','AddComment','报销流程测试0003','报销流程测试0003'),('1438','comment','2020-08-27 11:26:01','li','1436','1418','AddComment','报销流程测试00003','报销流程测试00003'),('1448','comment','2020-08-27 11:29:00','zhang','1446','1440','AddComment','报销流程测试4','报销流程测试4'),('1451','comment','2020-08-27 11:29:56','mike','1450','1440','AddComment','',''),('1455','comment','2020-08-27 11:30:58','zhang','1454','1440','AddComment','报销流程测试4驳回后提交','报销流程测试4驳回后提交'),('1458','comment','2020-08-27 11:31:29','mike','1457','1440','AddComment','报销流程测试4再次驳回测试','报销流程测试4再次驳回测试'),('1461','comment','2020-08-27 11:32:08','zhang','1460','1440','AddComment','报销流程测试4第二次驳回后提交','报销流程测试4第二次驳回后提交'),('1464','comment','2020-08-27 11:32:51','mike','1463','1440','AddComment','不同意测试','不同意测试'),('2012','comment','2020-08-28 16:25:47','danny','2010','2005','AddComment','总经理请假测试','总经理请假测试'),('2015','comment','2020-08-28 16:27:29','danny','2014','2005','AddComment','总经理请假测试','总经理请假测试'),('2018','comment','2020-08-28 16:27:57','danny','2017','2005','AddComment','总经理请假测试','总经理请假测试'),('2028','comment','2020-08-28 16:30:57','mike','2026','2020','AddComment','经理请假测试1','经理请假测试1'),('2031','comment','2020-08-28 16:31:36','danny','2030','2020','AddComment','经理请假测试01','经理请假测试01'),('2034','comment','2020-08-28 16:32:11','danny','2033','2020','AddComment','经理请假测试001','经理请假测试001'),('3008','comment','2020-08-29 15:38:04','zhang','3006','3001','AddComment','新报销流程测试01','新报销流程测试01'),('3020','comment','2020-08-29 15:39:27','mike','3018','3013','AddComment','新报销流程测试001','新报销流程测试001'),('3025','comment','2020-08-29 15:39:45','mike','3011','3001','AddComment','新报销流程测试01驳回测试','新报销流程测试01驳回测试'),('3029','comment','2020-08-29 15:40:29','zhang','3028','3001','AddComment','新报销流程测试01驳回后申请','新报销流程测试01驳回后申请'),('3039','comment','2020-08-29 15:40:54','zhang','3037','3032','AddComment','新报销流程测试02','新报销流程测试02'),('3044','comment','2020-08-29 15:41:37','mike','3042','3032','AddComment','新报销流程测试02不同意测试','新报销流程测试02不同意测试'),('3047','comment','2020-08-29 15:41:59','mike','3031','3001','AddComment','新报销流程测试01同意测试','新报销流程测试01同意测试'),('3058','comment','2020-08-29 15:42:56','zhang','3057','3051','AddComment','新报销流程测试02','新报销流程测试02'),('3070','comment','2020-08-29 15:43:51','mike','3061','3051','AddComment','新报销流程测试03同意测试2','新报销流程测试03同意测试2'),('3075','comment','2020-08-29 15:44:04','mike','3068','3063','AddComment','新报销流程测试002','新报销流程测试002'),('3080','comment','2020-08-29 15:44:50','danny','3078','3063','AddComment','新报销流程测试002驳回测试','新报销流程测试002驳回测试'),('3084','comment','2020-08-29 15:45:24','danny','3073','3051','AddComment','新报销流程测试03驳回测试','新报销流程测试03驳回测试'),('3087','comment','2020-08-29 15:45:37','danny','3023','3013','AddComment','新报销流程测试001不同意测试','新报销流程测试001不同意测试'),('3098','comment','2020-08-29 15:47:39','zhang','3086','3051','AddComment','新报销流程测试03驳回两次后提交申请','新报销流程测试03驳回两次后提交申请'),('3101','comment','2020-08-29 15:50:11','zhang','3096','3090','AddComment','新报销流程测试04','新报销流程测试04'),('3105','comment','2020-08-29 15:51:22','mike','3104','3090','AddComment','新报销流程测试04','新报销流程测试04'),('3110','comment','2020-08-29 15:51:43','mike','3100','3051','AddComment','新报销流程测试03','新报销流程测试03'),('3114','comment','2020-08-29 15:51:52','mike','3083','3063','AddComment','新报销流程测试002','新报销流程测试002'),('3117','comment','2020-08-29 15:52:24','danny','3116','3063','AddComment','新报销流程测试002同意申请','新报销流程测试002同意申请'),('3121','comment','2020-08-29 15:52:35','danny','3108','3090','AddComment','新报销流程测试03同意申请','新报销流程测试03同意申请'),('3125','comment','2020-08-29 15:53:55','li','3123','3090','AddComment','新报销流程测试03','新报销流程测试03'),('3127','comment','2020-08-29 15:54:02','li','3119','3063','AddComment','新报销流程测试002','新报销流程测试002'),('3129','comment','2020-08-29 15:54:09','li','3049','3001','AddComment','新报销流程测试01','新报销流程测试01'),('3131','comment','2020-08-29 15:54:15','li','3112','3051','AddComment','新报销流程测试03','新报销流程测试03'),('3433','comment','2020-08-29 16:27:53','zhang','3431','3426','AddComment','新请假流程001','新请假流程001'),('3438','comment','2020-08-29 16:27:59','zhang','3424','3419','AddComment','新请假流程003','新请假流程003'),('3443','comment','2020-08-29 16:28:03','zhang','3417','3412','AddComment','新请假流程002','新请假流程002'),('3469','comment','2020-08-29 16:29:19','mike','3467','3462','AddComment','部门经理请假003','部门经理请假003'),('3474','comment','2020-08-29 16:29:25','mike','3460','3455','AddComment','部门经理请假002','部门经理请假002'),('3479','comment','2020-08-29 16:29:33','mike','3453','3448','AddComment','部门经理请假001','部门经理请假001'),('3484','comment','2020-08-29 16:29:51','mike','3446','3412','AddComment','新请假流程002驳回','新请假流程002驳回'),('3488','comment','2020-08-29 16:30:00','mike','3441','3419','AddComment','新请假流程003同意','新请假流程003同意'),('3493','comment','2020-08-29 16:30:11','mike','3436','3426','AddComment','新请假流程001不同意','新请假流程001不同意'),('3496','comment','2020-08-29 16:30:46','danny','3491','3419','AddComment','新请假流程003同意申请','新请假流程003同意申请'),('3498','comment','2020-08-29 16:30:58','danny','3482','3448','AddComment','部门经理请假001驳回','部门经理请假001驳回'),('3502','comment','2020-08-29 16:31:08','danny','3477','3455','AddComment','部门经理请假002同意申请','部门经理请假002同意申请'),('3505','comment','2020-08-29 16:31:18','danny','3472','3462','AddComment','部门经理请假003同意申请','部门经理请假003同意申请'),('3508','comment','2020-08-29 16:31:51','zhang','3487','3412','AddComment','新请假流程002驳回后再申请','新请假流程002驳回后再申请'),('3511','comment','2020-08-29 16:32:44','mike','3510','3412','AddComment','新请假流程002驳回后再申请同意申请','新请假流程002驳回后再申请同意申请'),('3515','comment','2020-08-29 16:33:00','mike','3501','3448','AddComment','部门经理请假001驳回后再申请','部门经理请假001驳回后再申请');

/*Table structure for table `act_hi_detail` */

DROP TABLE IF EXISTS `act_hi_detail`;

CREATE TABLE `act_hi_detail` (
  `ID_` varchar(64) COLLATE utf8_bin NOT NULL,
  `TYPE_` varchar(255) COLLATE utf8_bin NOT NULL,
  `PROC_INST_ID_` varchar(64) COLLATE utf8_bin DEFAULT NULL,
  `EXECUTION_ID_` varchar(64) COLLATE utf8_bin DEFAULT NULL,
  `TASK_ID_` varchar(64) COLLATE utf8_bin DEFAULT NULL,
  `ACT_INST_ID_` varchar(64) COLLATE utf8_bin DEFAULT NULL,
  `NAME_` varchar(255) COLLATE utf8_bin NOT NULL,
  `VAR_TYPE_` varchar(255) COLLATE utf8_bin DEFAULT NULL,
  `REV_` int(11) DEFAULT NULL,
  `TIME_` datetime NOT NULL,
  `BYTEARRAY_ID_` varchar(64) COLLATE utf8_bin DEFAULT NULL,
  `DOUBLE_` double DEFAULT NULL,
  `LONG_` bigint(20) DEFAULT NULL,
  `TEXT_` varchar(4000) COLLATE utf8_bin DEFAULT NULL,
  `TEXT2_` varchar(4000) COLLATE utf8_bin DEFAULT NULL,
  PRIMARY KEY (`ID_`),
  KEY `ACT_IDX_HI_DETAIL_PROC_INST` (`PROC_INST_ID_`),
  KEY `ACT_IDX_HI_DETAIL_ACT_INST` (`ACT_INST_ID_`),
  KEY `ACT_IDX_HI_DETAIL_TIME` (`TIME_`),
  KEY `ACT_IDX_HI_DETAIL_NAME` (`NAME_`),
  KEY `ACT_IDX_HI_DETAIL_TASK_ID` (`TASK_ID_`)
) ENGINE=InnoDB DEFAULT CHARSET=utf8 COLLATE=utf8_bin;

/*Data for the table `act_hi_detail` */

/*Table structure for table `act_hi_identitylink` */

DROP TABLE IF EXISTS `act_hi_identitylink`;

CREATE TABLE `act_hi_identitylink` (
  `ID_` varchar(64) COLLATE utf8_bin NOT NULL,
  `GROUP_ID_` varchar(255) COLLATE utf8_bin DEFAULT NULL,
  `TYPE_` varchar(255) COLLATE utf8_bin DEFAULT NULL,
  `USER_ID_` varchar(255) COLLATE utf8_bin DEFAULT NULL,
  `TASK_ID_` varchar(64) COLLATE utf8_bin DEFAULT NULL,
  `PROC_INST_ID_` varchar(64) COLLATE utf8_bin DEFAULT NULL,
  PRIMARY KEY (`ID_`),
  KEY `ACT_IDX_HI_IDENT_LNK_USER` (`USER_ID_`),
  KEY `ACT_IDX_HI_IDENT_LNK_TASK` (`TASK_ID_`),
  KEY `ACT_IDX_HI_IDENT_LNK_PROCINST` (`PROC_INST_ID_`)
) ENGINE=InnoDB DEFAULT CHARSET=utf8 COLLATE=utf8_bin;

/*Data for the table `act_hi_identitylink` */

insert  into `act_hi_identitylink`(`ID_`,`GROUP_ID_`,`TYPE_`,`USER_ID_`,`TASK_ID_`,`PROC_INST_ID_`) values ('1004',NULL,'participant','mike',NULL,'905'),('1309',NULL,'participant','zhang',NULL,'1303'),('1313',NULL,'participant','mike',NULL,'1303'),('1318',NULL,'participant','li',NULL,'1303'),('1424',NULL,'participant','zhang',NULL,'1418'),('1428',NULL,'participant','mike',NULL,'1418'),('1433',NULL,'participant','danny',NULL,'1418'),('1437',NULL,'participant','li',NULL,'1418'),('1441',NULL,'starter','mike',NULL,'1440'),('1447',NULL,'participant','zhang',NULL,'1440'),('2011',NULL,'participant','danny',NULL,'2005'),('2021',NULL,'starter','danny',NULL,'2020'),('2027',NULL,'participant','mike',NULL,'2020'),('3007',NULL,'participant','zhang',NULL,'3001'),('3012',NULL,'participant','mike',NULL,'3001'),('3019',NULL,'participant','mike',NULL,'3013'),('3024',NULL,'participant','danny',NULL,'3013'),('3038',NULL,'participant','zhang',NULL,'3032'),('3043',NULL,'participant','mike',NULL,'3032'),('3050',NULL,'participant','li',NULL,'3001'),('3052',NULL,'starter','zhang',NULL,'3051'),('3062',NULL,'participant','mike',NULL,'3051'),('3069',NULL,'participant','mike',NULL,'3063'),('3074',NULL,'participant','danny',NULL,'3051'),('3079',NULL,'participant','danny',NULL,'3063'),('3091',NULL,'starter','mike',NULL,'3090'),('3097',NULL,'participant','zhang',NULL,'3090'),('3109',NULL,'participant','danny',NULL,'3090'),('3113',NULL,'participant','li',NULL,'3051'),('3120',NULL,'participant','li',NULL,'3063'),('3124',NULL,'participant','li',NULL,'3090'),('3411',NULL,'participant','zhang',NULL,'3405'),('3418',NULL,'participant','zhang',NULL,'3412'),('3425',NULL,'participant','zhang',NULL,'3419'),('3432',NULL,'participant','zhang',NULL,'3426'),('3437',NULL,'participant','mike',NULL,'3426'),('3442',NULL,'participant','mike',NULL,'3419'),('3447',NULL,'participant','mike',NULL,'3412'),('3454',NULL,'participant','mike',NULL,'3448'),('3461',NULL,'participant','mike',NULL,'3455'),('3468',NULL,'participant','mike',NULL,'3462'),('3473',NULL,'participant','danny',NULL,'3462'),('3478',NULL,'participant','danny',NULL,'3455'),('3483',NULL,'participant','danny',NULL,'3448'),('3492',NULL,'participant','danny',NULL,'3419'),('3514',NULL,'participant','danny',NULL,'3412'),('911',NULL,'participant','zhang',NULL,'905');

/*Table structure for table `act_hi_procinst` */

DROP TABLE IF EXISTS `act_hi_procinst`;

CREATE TABLE `act_hi_procinst` (
  `ID_` varchar(64) COLLATE utf8_bin NOT NULL,
  `PROC_INST_ID_` varchar(64) COLLATE utf8_bin NOT NULL,
  `BUSINESS_KEY_` varchar(255) COLLATE utf8_bin DEFAULT NULL,
  `PROC_DEF_ID_` varchar(64) COLLATE utf8_bin NOT NULL,
  `START_TIME_` datetime NOT NULL,
  `END_TIME_` datetime DEFAULT NULL,
  `DURATION_` bigint(20) DEFAULT NULL,
  `START_USER_ID_` varchar(255) COLLATE utf8_bin DEFAULT NULL,
  `START_ACT_ID_` varchar(255) COLLATE utf8_bin DEFAULT NULL,
  `END_ACT_ID_` varchar(255) COLLATE utf8_bin DEFAULT NULL,
  `SUPER_PROCESS_INSTANCE_ID_` varchar(64) COLLATE utf8_bin DEFAULT NULL,
  `DELETE_REASON_` varchar(4000) COLLATE utf8_bin DEFAULT NULL,
  PRIMARY KEY (`ID_`),
  UNIQUE KEY `PROC_INST_ID_` (`PROC_INST_ID_`),
  UNIQUE KEY `ACT_UNIQ_HI_BUS_KEY` (`PROC_DEF_ID_`,`BUSINESS_KEY_`),
  KEY `ACT_IDX_HI_PRO_INST_END` (`END_TIME_`),
  KEY `ACT_IDX_HI_PRO_I_BUSKEY` (`BUSINESS_KEY_`)
) ENGINE=InnoDB DEFAULT CHARSET=utf8 COLLATE=utf8_bin;

/*Data for the table `act_hi_procinst` */

insert  into `act_hi_procinst`(`ID_`,`PROC_INST_ID_`,`BUSINESS_KEY_`,`PROC_DEF_ID_`,`START_TIME_`,`END_TIME_`,`DURATION_`,`START_USER_ID_`,`START_ACT_ID_`,`END_ACT_ID_`,`SUPER_PROCESS_INSTANCE_ID_`,`DELETE_REASON_`) values ('1303','1303','baoxiao.11','baoxiao:1:904','2020-08-27 10:56:44','2020-08-27 11:08:02',678183,NULL,'startevent1','endevent1',NULL,NULL),('1418','1418','baoxiao.12','baoxiao:1:904','2020-08-27 11:21:27','2020-08-27 11:26:01',274280,NULL,'startevent1','endevent1',NULL,NULL),('1440','1440','baoxiao.13','baoxiao:1:904','2020-08-27 11:27:11','2020-08-27 11:32:51',340184,'mike','startevent1','endevent1',NULL,NULL),('2005','2005','LeaveBillProcess.28','LeaveBillProcess:1:2004','2020-08-28 16:25:28','2020-08-28 16:27:57',149170,NULL,'startevent1','endevent1',NULL,NULL),('2020','2020','LeaveBillProcess.29','LeaveBillProcess:1:2004','2020-08-28 16:30:44','2020-08-28 16:32:11',87449,'danny','startevent1','endevent1',NULL,NULL),('3001','3001','baoxiaobill.14','baoxiaobill:1:2904','2020-08-29 15:37:55','2020-08-29 15:54:09',974265,NULL,'startevent1','endevent1',NULL,NULL),('3013','3013','baoxiaobill.15','baoxiaobill:1:2904','2020-08-29 15:39:04','2020-08-29 15:45:37',392840,NULL,'startevent1','endevent1',NULL,NULL),('3032','3032','baoxiaobill.16','baoxiaobill:1:2904','2020-08-29 15:40:47','2020-08-29 15:41:37',49719,NULL,'startevent1','endevent1',NULL,NULL),('3051','3051','baoxiaobill.17','baoxiaobill:1:2904','2020-08-29 15:42:51','2020-08-29 15:54:15',683815,'zhang','startevent1','endevent1',NULL,NULL),('3063','3063','baoxiaobill.18','baoxiaobill:1:2904','2020-08-29 15:43:27','2020-08-29 15:54:02',634695,NULL,'startevent1','endevent1',NULL,NULL),('3090','3090','baoxiaobill.19','baoxiaobill:1:2904','2020-08-29 15:46:48','2020-08-29 15:53:55',426665,'mike','startevent1','endevent1',NULL,NULL),('3405','3405','baoxiaobill.20','baoxiaobill:1:2904','2020-08-29 16:26:24',NULL,NULL,NULL,'startevent1',NULL,NULL,NULL),('3412','3412','leavebill.47','leavebill:1:3404','2020-08-29 16:26:35',NULL,NULL,NULL,'startevent1',NULL,NULL,NULL),('3419','3419','leavebill.48','leavebill:1:3404','2020-08-29 16:26:46','2020-08-29 16:30:46',239811,NULL,'startevent1','endevent1',NULL,NULL),('3426','3426','leavebill.49','leavebill:1:3404','2020-08-29 16:27:11','2020-08-29 16:30:11',179684,NULL,'startevent1','endevent1',NULL,NULL),('3448','3448','leavebill.50','leavebill:1:3404','2020-08-29 16:28:41',NULL,NULL,NULL,'startevent1',NULL,NULL,NULL),('3455','3455','leavebill.51','leavebill:1:3404','2020-08-29 16:28:50','2020-08-29 16:31:08',138043,NULL,'startevent1','endevent1',NULL,NULL),('3462','3462','leavebill.52','leavebill:1:3404','2020-08-29 16:29:00','2020-08-29 16:31:18',138025,NULL,'startevent1','endevent1',NULL,NULL),('905','905','baoxiao.10','baoxiao:1:904','2020-08-27 09:18:26','2020-08-27 10:14:20',3354052,NULL,'startevent1','usertask2',NULL,NULL);

/*Table structure for table `act_hi_taskinst` */

DROP TABLE IF EXISTS `act_hi_taskinst`;

CREATE TABLE `act_hi_taskinst` (
  `ID_` varchar(64) COLLATE utf8_bin NOT NULL,
  `PROC_DEF_ID_` varchar(64) COLLATE utf8_bin DEFAULT NULL,
  `TASK_DEF_KEY_` varchar(255) COLLATE utf8_bin DEFAULT NULL,
  `PROC_INST_ID_` varchar(64) COLLATE utf8_bin DEFAULT NULL,
  `EXECUTION_ID_` varchar(64) COLLATE utf8_bin DEFAULT NULL,
  `NAME_` varchar(255) COLLATE utf8_bin DEFAULT NULL,
  `PARENT_TASK_ID_` varchar(64) COLLATE utf8_bin DEFAULT NULL,
  `DESCRIPTION_` varchar(4000) COLLATE utf8_bin DEFAULT NULL,
  `OWNER_` varchar(255) COLLATE utf8_bin DEFAULT NULL,
  `ASSIGNEE_` varchar(255) COLLATE utf8_bin DEFAULT NULL,
  `START_TIME_` datetime NOT NULL,
  `CLAIM_TIME_` datetime DEFAULT NULL,
  `END_TIME_` datetime DEFAULT NULL,
  `DURATION_` bigint(20) DEFAULT NULL,
  `DELETE_REASON_` varchar(4000) COLLATE utf8_bin DEFAULT NULL,
  `PRIORITY_` int(11) DEFAULT NULL,
  `DUE_DATE_` datetime DEFAULT NULL,
  `FORM_KEY_` varchar(255) COLLATE utf8_bin DEFAULT NULL,
  PRIMARY KEY (`ID_`)
) ENGINE=InnoDB DEFAULT CHARSET=utf8 COLLATE=utf8_bin;

/*Data for the table `act_hi_taskinst` */

insert  into `act_hi_taskinst`(`ID_`,`PROC_DEF_ID_`,`TASK_DEF_KEY_`,`PROC_INST_ID_`,`EXECUTION_ID_`,`NAME_`,`PARENT_TASK_ID_`,`DESCRIPTION_`,`OWNER_`,`ASSIGNEE_`,`START_TIME_`,`CLAIM_TIME_`,`END_TIME_`,`DURATION_`,`DELETE_REASON_`,`PRIORITY_`,`DUE_DATE_`,`FORM_KEY_`) values ('1003','baoxiao:1:904','usertask2','905','905','部门经理审批',NULL,NULL,NULL,'mike','2020-08-27 09:30:44',NULL,'2020-08-27 10:14:20',2615992,'completed',50,NULL,NULL),('1308','baoxiao:1:904','usertask1','1303','1303','员工申请报销',NULL,NULL,NULL,'zhang','2020-08-27 10:56:44',NULL,'2020-08-27 11:05:24',520206,'completed',50,NULL,NULL),('1312','baoxiao:1:904','usertask2','1303','1303','部门经理审批',NULL,NULL,NULL,'mike','2020-08-27 11:05:24',NULL,'2020-08-27 11:06:10',46308,'completed',50,NULL,NULL),('1317','baoxiao:1:904','usertask3','1303','1303','财务审核',NULL,NULL,NULL,'li','2020-08-27 11:06:10',NULL,'2020-08-27 11:08:02',112174,'completed',50,NULL,NULL),('1423','baoxiao:1:904','usertask1','1418','1418','员工申请报销',NULL,NULL,NULL,'zhang','2020-08-27 11:21:27',NULL,'2020-08-27 11:23:04',97065,'completed',50,NULL,NULL),('1427','baoxiao:1:904','usertask2','1418','1418','部门经理审批',NULL,NULL,NULL,'mike','2020-08-27 11:23:04',NULL,'2020-08-27 11:24:07',63211,'completed',50,NULL,NULL),('1432','baoxiao:1:904','usertask4','1418','1418','总经理审批',NULL,NULL,NULL,'danny','2020-08-27 11:24:07',NULL,'2020-08-27 11:25:05',58259,'completed',50,NULL,NULL),('1436','baoxiao:1:904','usertask3','1418','1418','财务审核',NULL,NULL,NULL,'li','2020-08-27 11:25:05',NULL,'2020-08-27 11:26:01',56277,'completed',50,NULL,NULL),('1446','baoxiao:1:904','usertask1','1440','1440','员工申请报销',NULL,NULL,NULL,'zhang','2020-08-27 11:27:11',NULL,'2020-08-27 11:29:00',108676,'completed',50,NULL,NULL),('1450','baoxiao:1:904','usertask2','1440','1440','部门经理审批',NULL,NULL,NULL,'mike','2020-08-27 11:29:00',NULL,'2020-08-27 11:29:56',56499,'completed',50,NULL,NULL),('1454','baoxiao:1:904','usertask1','1440','1440','员工申请报销',NULL,NULL,NULL,'zhang','2020-08-27 11:29:57',NULL,'2020-08-27 11:30:58',61088,'completed',50,NULL,NULL),('1457','baoxiao:1:904','usertask2','1440','1440','部门经理审批',NULL,NULL,NULL,'mike','2020-08-27 11:30:58',NULL,'2020-08-27 11:31:29',31160,'completed',50,NULL,NULL),('1460','baoxiao:1:904','usertask1','1440','1440','员工申请报销',NULL,NULL,NULL,'zhang','2020-08-27 11:31:29',NULL,'2020-08-27 11:32:08',39101,'completed',50,NULL,NULL),('1463','baoxiao:1:904','usertask2','1440','1440','部门经理审批',NULL,NULL,NULL,'mike','2020-08-27 11:32:08',NULL,'2020-08-27 11:32:51',43178,'completed',50,NULL,NULL),('2010','LeaveBillProcess:1:2004','usertask1','2005','2005','提交申请',NULL,NULL,NULL,'danny','2020-08-28 16:25:28',NULL,'2020-08-28 16:25:47',18978,'completed',50,NULL,NULL),('2014','LeaveBillProcess:1:2004','usertask2','2005','2005','主管审批',NULL,NULL,NULL,'danny','2020-08-28 16:25:47',NULL,'2020-08-28 16:27:29',102455,'completed',50,NULL,NULL),('2017','LeaveBillProcess:1:2004','usertask3','2005','2005','总经理审批',NULL,NULL,NULL,'danny','2020-08-28 16:27:29',NULL,'2020-08-28 16:27:57',28156,'completed',50,NULL,NULL),('2026','LeaveBillProcess:1:2004','usertask1','2020','2020','提交申请',NULL,NULL,NULL,'mike','2020-08-28 16:30:44',NULL,'2020-08-28 16:30:57',12641,'completed',50,NULL,NULL),('2030','LeaveBillProcess:1:2004','usertask2','2020','2020','主管审批',NULL,NULL,NULL,'danny','2020-08-28 16:30:57',NULL,'2020-08-28 16:31:36',39066,'completed',50,NULL,NULL),('2033','LeaveBillProcess:1:2004','usertask3','2020','2020','总经理审批',NULL,NULL,NULL,'danny','2020-08-28 16:31:36',NULL,'2020-08-28 16:32:11',35446,'completed',50,NULL,NULL),('3006','baoxiaobill:1:2904','usertask1','3001','3001','员工申请报销',NULL,NULL,NULL,'zhang','2020-08-29 15:37:55',NULL,'2020-08-29 15:38:04',8638,'completed',50,NULL,NULL),('3011','baoxiaobill:1:2904','usertask2','3001','3001','部门经理审批',NULL,NULL,NULL,'mike','2020-08-29 15:38:04',NULL,'2020-08-29 15:39:45',100686,'completed',50,NULL,NULL),('3018','baoxiaobill:1:2904','usertask1','3013','3013','员工申请报销',NULL,NULL,NULL,'mike','2020-08-29 15:39:04',NULL,'2020-08-29 15:39:27',23056,'completed',50,NULL,NULL),('3023','baoxiaobill:1:2904','usertask4','3013','3013','总经理审批',NULL,NULL,NULL,'danny','2020-08-29 15:39:27',NULL,'2020-08-29 15:45:37',369837,'completed',50,NULL,NULL),('3028','baoxiaobill:1:2904','usertask1','3001','3001','员工申请报销',NULL,NULL,NULL,'zhang','2020-08-29 15:39:45',NULL,'2020-08-29 15:40:29',43891,'completed',50,NULL,NULL),('3031','baoxiaobill:1:2904','usertask2','3001','3001','部门经理审批',NULL,NULL,NULL,'mike','2020-08-29 15:40:29',NULL,'2020-08-29 15:41:59',90372,'completed',50,NULL,NULL),('3037','baoxiaobill:1:2904','usertask1','3032','3032','员工申请报销',NULL,NULL,NULL,'zhang','2020-08-29 15:40:47',NULL,'2020-08-29 15:40:54',6973,'completed',50,NULL,NULL),('3042','baoxiaobill:1:2904','usertask2','3032','3032','部门经理审批',NULL,NULL,NULL,'mike','2020-08-29 15:40:54',NULL,'2020-08-29 15:41:37',42694,'completed',50,NULL,NULL),('3049','baoxiaobill:1:2904','usertask3','3001','3001','财务审核',NULL,NULL,NULL,'li','2020-08-29 15:41:59',NULL,'2020-08-29 15:54:09',730263,'completed',50,NULL,NULL),('3057','baoxiaobill:1:2904','usertask1','3051','3051','员工申请报销',NULL,NULL,NULL,'zhang','2020-08-29 15:42:51',NULL,'2020-08-29 15:42:56',4793,'completed',50,NULL,NULL),('3061','baoxiaobill:1:2904','usertask2','3051','3051','部门经理审批',NULL,NULL,NULL,'mike','2020-08-29 15:42:56',NULL,'2020-08-29 15:43:51',54578,'completed',50,NULL,NULL),('3068','baoxiaobill:1:2904','usertask1','3063','3063','员工申请报销',NULL,NULL,NULL,'mike','2020-08-29 15:43:27',NULL,'2020-08-29 15:44:04',37109,'completed',50,NULL,NULL),('3073','baoxiaobill:1:2904','usertask4','3051','3051','总经理审批',NULL,NULL,NULL,'danny','2020-08-29 15:43:51',NULL,'2020-08-29 15:45:24',93102,'completed',50,NULL,NULL),('3078','baoxiaobill:1:2904','usertask4','3063','3063','总经理审批',NULL,NULL,NULL,'danny','2020-08-29 15:44:04',NULL,'2020-08-29 15:44:50',45611,'completed',50,NULL,NULL),('3083','baoxiaobill:1:2904','usertask1','3063','3063','员工申请报销',NULL,NULL,NULL,'mike','2020-08-29 15:44:50',NULL,'2020-08-29 15:51:52',421846,'completed',50,NULL,NULL),('3086','baoxiaobill:1:2904','usertask1','3051','3051','员工申请报销',NULL,NULL,NULL,'zhang','2020-08-29 15:45:24',NULL,'2020-08-29 15:47:39',135232,'completed',50,NULL,NULL),('3096','baoxiaobill:1:2904','usertask1','3090','3090','员工申请报销',NULL,NULL,NULL,'zhang','2020-08-29 15:46:48',NULL,'2020-08-29 15:50:11',203404,'completed',50,NULL,NULL),('3100','baoxiaobill:1:2904','usertask2','3051','3051','部门经理审批',NULL,NULL,NULL,'mike','2020-08-29 15:47:39',NULL,'2020-08-29 15:51:43',244440,'completed',50,NULL,NULL),('3104','baoxiaobill:1:2904','usertask2','3090','3090','部门经理审批',NULL,NULL,NULL,'mike','2020-08-29 15:50:11',NULL,'2020-08-29 15:51:22',71442,'completed',50,NULL,NULL),('3108','baoxiaobill:1:2904','usertask4','3090','3090','总经理审批',NULL,NULL,NULL,'danny','2020-08-29 15:51:22',NULL,'2020-08-29 15:52:35',72906,'completed',50,NULL,NULL),('3112','baoxiaobill:1:2904','usertask3','3051','3051','财务审核',NULL,NULL,NULL,'li','2020-08-29 15:51:43',NULL,'2020-08-29 15:54:15',151811,'completed',50,NULL,NULL),('3116','baoxiaobill:1:2904','usertask4','3063','3063','总经理审批',NULL,NULL,NULL,'danny','2020-08-29 15:51:52',NULL,'2020-08-29 15:52:24',32081,'completed',50,NULL,NULL),('3119','baoxiaobill:1:2904','usertask3','3063','3063','财务审核',NULL,NULL,NULL,'li','2020-08-29 15:52:24',NULL,'2020-08-29 15:54:02',97692,'completed',50,NULL,NULL),('3123','baoxiaobill:1:2904','usertask3','3090','3090','财务审核',NULL,NULL,NULL,'li','2020-08-29 15:52:35',NULL,'2020-08-29 15:53:55',79662,'completed',50,NULL,NULL),('3410','baoxiaobill:1:2904','usertask1','3405','3405','员工申请报销',NULL,NULL,NULL,'zhang','2020-08-29 16:26:24',NULL,NULL,NULL,NULL,50,NULL,NULL),('3417','leavebill:1:3404','usertask1','3412','3412','提交申请',NULL,NULL,NULL,'zhang','2020-08-29 16:26:35',NULL,'2020-08-29 16:28:03',88267,'completed',50,NULL,NULL),('3424','leavebill:1:3404','usertask1','3419','3419','提交申请',NULL,NULL,NULL,'zhang','2020-08-29 16:26:46',NULL,'2020-08-29 16:27:59',72628,'completed',50,NULL,NULL),('3431','leavebill:1:3404','usertask1','3426','3426','提交申请',NULL,NULL,NULL,'zhang','2020-08-29 16:27:11',NULL,'2020-08-29 16:27:53',41774,'completed',50,NULL,NULL),('3436','leavebill:1:3404','usertask2','3426','3426','部门经理审批',NULL,NULL,NULL,'mike','2020-08-29 16:27:53',NULL,'2020-08-29 16:30:11',137681,'completed',50,NULL,NULL),('3441','leavebill:1:3404','usertask2','3419','3419','部门经理审批',NULL,NULL,NULL,'mike','2020-08-29 16:27:59',NULL,'2020-08-29 16:30:00',121482,'completed',50,NULL,NULL),('3446','leavebill:1:3404','usertask2','3412','3412','部门经理审批',NULL,NULL,NULL,'mike','2020-08-29 16:28:03',NULL,'2020-08-29 16:29:51',107899,'completed',50,NULL,NULL),('3453','leavebill:1:3404','usertask1','3448','3448','提交申请',NULL,NULL,NULL,'mike','2020-08-29 16:28:41',NULL,'2020-08-29 16:29:33',51511,'completed',50,NULL,NULL),('3460','leavebill:1:3404','usertask1','3455','3455','提交申请',NULL,NULL,NULL,'mike','2020-08-29 16:28:50',NULL,'2020-08-29 16:29:25',35233,'completed',50,NULL,NULL),('3467','leavebill:1:3404','usertask1','3462','3462','提交申请',NULL,NULL,NULL,'mike','2020-08-29 16:29:00',NULL,'2020-08-29 16:29:19',18965,'completed',50,NULL,NULL),('3472','leavebill:1:3404','usertask3','3462','3462','总经理审批',NULL,NULL,NULL,'danny','2020-08-29 16:29:19',NULL,'2020-08-29 16:31:18',119022,'completed',50,NULL,NULL),('3477','leavebill:1:3404','usertask3','3455','3455','总经理审批',NULL,NULL,NULL,'danny','2020-08-29 16:29:25',NULL,'2020-08-29 16:31:08',103040,'completed',50,NULL,NULL),('3482','leavebill:1:3404','usertask3','3448','3448','总经理审批',NULL,NULL,NULL,'danny','2020-08-29 16:29:33',NULL,'2020-08-29 16:30:58',85126,'completed',50,NULL,NULL),('3487','leavebill:1:3404','usertask1','3412','3412','提交申请',NULL,NULL,NULL,'zhang','2020-08-29 16:29:51',NULL,'2020-08-29 16:31:51',119795,'completed',50,NULL,NULL),('3491','leavebill:1:3404','usertask3','3419','3419','总经理审批',NULL,NULL,NULL,'danny','2020-08-29 16:30:00',NULL,'2020-08-29 16:30:46',45797,'completed',50,NULL,NULL),('3501','leavebill:1:3404','usertask1','3448','3448','提交申请',NULL,NULL,NULL,'mike','2020-08-29 16:30:58',NULL,'2020-08-29 16:33:00',122062,'completed',50,NULL,NULL),('3510','leavebill:1:3404','usertask2','3412','3412','部门经理审批',NULL,NULL,NULL,'mike','2020-08-29 16:31:51',NULL,'2020-08-29 16:32:44',53184,'completed',50,NULL,NULL),('3513','leavebill:1:3404','usertask3','3412','3412','总经理审批',NULL,NULL,NULL,'danny','2020-08-29 16:32:44',NULL,NULL,NULL,NULL,50,NULL,NULL),('3517','leavebill:1:3404','usertask3','3448','3448','总经理审批',NULL,NULL,NULL,'danny','2020-08-29 16:33:00',NULL,NULL,NULL,NULL,50,NULL,NULL),('910','baoxiao:1:904','usertask1','905','905','员工申请报销',NULL,NULL,NULL,'zhang','2020-08-27 09:18:26',NULL,'2020-08-27 09:30:44',738057,'completed',50,NULL,NULL);

/*Table structure for table `act_hi_varinst` */

DROP TABLE IF EXISTS `act_hi_varinst`;

CREATE TABLE `act_hi_varinst` (
  `ID_` varchar(64) COLLATE utf8_bin NOT NULL,
  `PROC_INST_ID_` varchar(64) COLLATE utf8_bin DEFAULT NULL,
  `EXECUTION_ID_` varchar(64) COLLATE utf8_bin DEFAULT NULL,
  `TASK_ID_` varchar(64) COLLATE utf8_bin DEFAULT NULL,
  `NAME_` varchar(255) COLLATE utf8_bin NOT NULL,
  `VAR_TYPE_` varchar(100) COLLATE utf8_bin DEFAULT NULL,
  `REV_` int(11) DEFAULT NULL,
  `BYTEARRAY_ID_` varchar(64) COLLATE utf8_bin DEFAULT NULL,
  `DOUBLE_` double DEFAULT NULL,
  `LONG_` bigint(20) DEFAULT NULL,
  `TEXT_` varchar(4000) COLLATE utf8_bin DEFAULT NULL,
  `TEXT2_` varchar(4000) COLLATE utf8_bin DEFAULT NULL,
  PRIMARY KEY (`ID_`),
  KEY `ACT_IDX_HI_PROCVAR_PROC_INST` (`PROC_INST_ID_`),
  KEY `ACT_IDX_HI_PROCVAR_NAME_TYPE` (`NAME_`,`VAR_TYPE_`)
) ENGINE=InnoDB DEFAULT CHARSET=utf8 COLLATE=utf8_bin;

/*Data for the table `act_hi_varinst` */

insert  into `act_hi_varinst`(`ID_`,`PROC_INST_ID_`,`EXECUTION_ID_`,`TASK_ID_`,`NAME_`,`VAR_TYPE_`,`REV_`,`BYTEARRAY_ID_`,`DOUBLE_`,`LONG_`,`TEXT_`,`TEXT2_`) values ('1202','905','905',NULL,'message','string',0,NULL,NULL,NULL,'同意',NULL),('1305','1303','1303',NULL,'objId','string',0,NULL,NULL,NULL,'baoxiao.11',NULL),('1306','1303','1303',NULL,'inputUser','string',0,NULL,NULL,NULL,'zhang',NULL),('1315','1303','1303',NULL,'message','string',0,NULL,NULL,NULL,'金额小于等于5000',NULL),('1420','1418','1418',NULL,'objId','string',0,NULL,NULL,NULL,'baoxiao.12',NULL),('1421','1418','1418',NULL,'inputUser','string',0,NULL,NULL,NULL,'zhang',NULL),('1430','1418','1418',NULL,'message','string',1,NULL,NULL,NULL,'同意',NULL),('1443','1440','1440',NULL,'objId','string',0,NULL,NULL,NULL,'baoxiao.13',NULL),('1444','1440','1440',NULL,'inputUser','string',0,NULL,NULL,NULL,'zhang',NULL),('1452','1440','1440',NULL,'message','string',1,NULL,NULL,NULL,'不同意',NULL),('2007','2005','2005',NULL,'objId','string',0,NULL,NULL,NULL,'LeaveBillProcess.28',NULL),('2008','2005','2005',NULL,'userId','string',0,NULL,NULL,NULL,'danny',NULL),('2023','2020','2020',NULL,'objId','string',0,NULL,NULL,NULL,'LeaveBillProcess.29',NULL),('2024','2020','2020',NULL,'userId','string',0,NULL,NULL,NULL,'mike',NULL),('3003','3001','3001',NULL,'objId','string',0,NULL,NULL,NULL,'baoxiaobill.14',NULL),('3004','3001','3001',NULL,'inputUser','string',0,NULL,NULL,NULL,'zhang',NULL),('3009','3001','3001',NULL,'role','integer',0,NULL,NULL,1,'1',NULL),('3015','3013','3013',NULL,'objId','string',0,NULL,NULL,NULL,'baoxiaobill.15',NULL),('3016','3013','3013',NULL,'inputUser','string',0,NULL,NULL,NULL,'mike',NULL),('3021','3013','3013',NULL,'role','integer',0,NULL,NULL,2,'2',NULL),('3026','3001','3001',NULL,'message','string',1,NULL,NULL,NULL,'金额小于等于5000',NULL),('3034','3032','3032',NULL,'objId','string',0,NULL,NULL,NULL,'baoxiaobill.16',NULL),('3035','3032','3032',NULL,'inputUser','string',0,NULL,NULL,NULL,'zhang',NULL),('3040','3032','3032',NULL,'role','integer',0,NULL,NULL,1,'1',NULL),('3045','3032','3032',NULL,'message','string',0,NULL,NULL,NULL,'不同意',NULL),('3054','3051','3051',NULL,'objId','string',0,NULL,NULL,NULL,'baoxiaobill.17',NULL),('3055','3051','3051',NULL,'inputUser','string',0,NULL,NULL,NULL,'zhang',NULL),('3059','3051','3051',NULL,'role','integer',0,NULL,NULL,1,'1',NULL),('3065','3063','3063',NULL,'objId','string',0,NULL,NULL,NULL,'baoxiaobill.18',NULL),('3066','3063','3063',NULL,'inputUser','string',0,NULL,NULL,NULL,'mike',NULL),('3071','3051','3051',NULL,'message','string',2,NULL,NULL,NULL,'金额小于等于5000',NULL),('3076','3063','3063',NULL,'role','integer',0,NULL,NULL,2,'2',NULL),('3081','3063','3063',NULL,'message','string',1,NULL,NULL,NULL,'同意',NULL),('3088','3013','3013',NULL,'message','string',0,NULL,NULL,NULL,'不同意',NULL),('3093','3090','3090',NULL,'objId','string',0,NULL,NULL,NULL,'baoxiaobill.19',NULL),('3094','3090','3090',NULL,'inputUser','string',0,NULL,NULL,NULL,'zhang',NULL),('3102','3090','3090',NULL,'role','integer',0,NULL,NULL,1,'1',NULL),('3106','3090','3090',NULL,'message','string',1,NULL,NULL,NULL,'同意',NULL),('3407','3405','3405',NULL,'objId','string',0,NULL,NULL,NULL,'baoxiaobill.20',NULL),('3408','3405','3405',NULL,'inputUser','string',0,NULL,NULL,NULL,'zhang',NULL),('3414','3412','3412',NULL,'objId','string',0,NULL,NULL,NULL,'leavebill.47',NULL),('3415','3412','3412',NULL,'userId','string',0,NULL,NULL,NULL,'zhang',NULL),('3421','3419','3419',NULL,'objId','string',0,NULL,NULL,NULL,'leavebill.48',NULL),('3422','3419','3419',NULL,'userId','string',0,NULL,NULL,NULL,'zhang',NULL),('3428','3426','3426',NULL,'objId','string',0,NULL,NULL,NULL,'leavebill.49',NULL),('3429','3426','3426',NULL,'userId','string',0,NULL,NULL,NULL,'zhang',NULL),('3434','3426','3426',NULL,'role','integer',0,NULL,NULL,1,'1',NULL),('3439','3419','3419',NULL,'role','integer',0,NULL,NULL,1,'1',NULL),('3444','3412','3412',NULL,'role','integer',0,NULL,NULL,1,'1',NULL),('3450','3448','3448',NULL,'objId','string',0,NULL,NULL,NULL,'leavebill.50',NULL),('3451','3448','3448',NULL,'userId','string',0,NULL,NULL,NULL,'mike',NULL),('3457','3455','3455',NULL,'objId','string',0,NULL,NULL,NULL,'leavebill.51',NULL),('3458','3455','3455',NULL,'userId','string',0,NULL,NULL,NULL,'mike',NULL),('3464','3462','3462',NULL,'objId','string',0,NULL,NULL,NULL,'leavebill.52',NULL),('3465','3462','3462',NULL,'userId','string',0,NULL,NULL,NULL,'mike',NULL),('3470','3462','3462',NULL,'role','integer',0,NULL,NULL,2,'2',NULL),('3475','3455','3455',NULL,'role','integer',0,NULL,NULL,2,'2',NULL),('3480','3448','3448',NULL,'role','integer',0,NULL,NULL,2,'2',NULL),('3485','3412','3412',NULL,'message','string',1,NULL,NULL,NULL,'同意',NULL),('3489','3419','3419',NULL,'message','string',1,NULL,NULL,NULL,'审批',NULL),('3494','3426','3426',NULL,'message','string',0,NULL,NULL,NULL,'不同意',NULL),('3499','3448','3448',NULL,'message','string',0,NULL,NULL,NULL,'驳回',NULL),('3503','3455','3455',NULL,'message','string',0,NULL,NULL,NULL,'审批',NULL),('3506','3462','3462',NULL,'message','string',0,NULL,NULL,NULL,'审批',NULL),('907','905','905',NULL,'objId','string',0,NULL,NULL,NULL,'baoxiao.10',NULL),('908','905','905',NULL,'inputUser','string',0,NULL,NULL,NULL,'zhang',NULL);

/*Table structure for table `act_id_group` */

DROP TABLE IF EXISTS `act_id_group`;

CREATE TABLE `act_id_group` (
  `ID_` varchar(64) COLLATE utf8_bin NOT NULL,
  `REV_` int(11) DEFAULT NULL,
  `NAME_` varchar(255) COLLATE utf8_bin DEFAULT NULL,
  `TYPE_` varchar(255) COLLATE utf8_bin DEFAULT NULL,
  PRIMARY KEY (`ID_`)
) ENGINE=InnoDB DEFAULT CHARSET=utf8 COLLATE=utf8_bin;

/*Data for the table `act_id_group` */

/*Table structure for table `act_id_info` */

DROP TABLE IF EXISTS `act_id_info`;

CREATE TABLE `act_id_info` (
  `ID_` varchar(64) COLLATE utf8_bin NOT NULL,
  `REV_` int(11) DEFAULT NULL,
  `USER_ID_` varchar(64) COLLATE utf8_bin DEFAULT NULL,
  `TYPE_` varchar(64) COLLATE utf8_bin DEFAULT NULL,
  `KEY_` varchar(255) COLLATE utf8_bin DEFAULT NULL,
  `VALUE_` varchar(255) COLLATE utf8_bin DEFAULT NULL,
  `PASSWORD_` longblob,
  `PARENT_ID_` varchar(255) COLLATE utf8_bin DEFAULT NULL,
  PRIMARY KEY (`ID_`)
) ENGINE=InnoDB DEFAULT CHARSET=utf8 COLLATE=utf8_bin;

/*Data for the table `act_id_info` */

/*Table structure for table `act_id_membership` */

DROP TABLE IF EXISTS `act_id_membership`;

CREATE TABLE `act_id_membership` (
  `USER_ID_` varchar(64) COLLATE utf8_bin NOT NULL,
  `GROUP_ID_` varchar(64) COLLATE utf8_bin NOT NULL,
  PRIMARY KEY (`USER_ID_`,`GROUP_ID_`),
  KEY `ACT_FK_MEMB_GROUP` (`GROUP_ID_`),
  CONSTRAINT `ACT_FK_MEMB_GROUP` FOREIGN KEY (`GROUP_ID_`) REFERENCES `act_id_group` (`ID_`),
  CONSTRAINT `ACT_FK_MEMB_USER` FOREIGN KEY (`USER_ID_`) REFERENCES `act_id_user` (`ID_`)
) ENGINE=InnoDB DEFAULT CHARSET=utf8 COLLATE=utf8_bin;

/*Data for the table `act_id_membership` */

/*Table structure for table `act_id_user` */

DROP TABLE IF EXISTS `act_id_user`;

CREATE TABLE `act_id_user` (
  `ID_` varchar(64) COLLATE utf8_bin NOT NULL,
  `REV_` int(11) DEFAULT NULL,
  `FIRST_` varchar(255) COLLATE utf8_bin DEFAULT NULL,
  `LAST_` varchar(255) COLLATE utf8_bin DEFAULT NULL,
  `EMAIL_` varchar(255) COLLATE utf8_bin DEFAULT NULL,
  `PWD_` varchar(255) COLLATE utf8_bin DEFAULT NULL,
  `PICTURE_ID_` varchar(64) COLLATE utf8_bin DEFAULT NULL,
  PRIMARY KEY (`ID_`)
) ENGINE=InnoDB DEFAULT CHARSET=utf8 COLLATE=utf8_bin;

/*Data for the table `act_id_user` */

/*Table structure for table `act_re_deployment` */

DROP TABLE IF EXISTS `act_re_deployment`;

CREATE TABLE `act_re_deployment` (
  `ID_` varchar(64) COLLATE utf8_bin NOT NULL,
  `NAME_` varchar(255) COLLATE utf8_bin DEFAULT NULL,
  `CATEGORY_` varchar(255) COLLATE utf8_bin DEFAULT NULL,
  `DEPLOY_TIME_` timestamp NOT NULL DEFAULT CURRENT_TIMESTAMP ON UPDATE CURRENT_TIMESTAMP,
  PRIMARY KEY (`ID_`)
) ENGINE=InnoDB DEFAULT CHARSET=utf8 COLLATE=utf8_bin;

/*Data for the table `act_re_deployment` */

insert  into `act_re_deployment`(`ID_`,`NAME_`,`CATEGORY_`,`DEPLOY_TIME_`) values ('2001','请假流程测试2',NULL,'2020-08-28 16:24:58'),('2901','新报销流程1',NULL,'2020-08-29 15:18:49'),('3401','新请假流程1',NULL,'2020-08-29 16:25:27'),('901','报销流程测试1',NULL,'2020-08-27 09:16:18');

/*Table structure for table `act_re_model` */

DROP TABLE IF EXISTS `act_re_model`;

CREATE TABLE `act_re_model` (
  `ID_` varchar(64) COLLATE utf8_bin NOT NULL,
  `REV_` int(11) DEFAULT NULL,
  `NAME_` varchar(255) COLLATE utf8_bin DEFAULT NULL,
  `KEY_` varchar(255) COLLATE utf8_bin DEFAULT NULL,
  `CATEGORY_` varchar(255) COLLATE utf8_bin DEFAULT NULL,
  `CREATE_TIME_` timestamp NULL DEFAULT NULL,
  `LAST_UPDATE_TIME_` timestamp NULL DEFAULT NULL,
  `VERSION_` int(11) DEFAULT NULL,
  `META_INFO_` varchar(4000) COLLATE utf8_bin DEFAULT NULL,
  `DEPLOYMENT_ID_` varchar(64) COLLATE utf8_bin DEFAULT NULL,
  `EDITOR_SOURCE_VALUE_ID_` varchar(64) COLLATE utf8_bin DEFAULT NULL,
  `EDITOR_SOURCE_EXTRA_VALUE_ID_` varchar(64) COLLATE utf8_bin DEFAULT NULL,
  PRIMARY KEY (`ID_`),
  KEY `ACT_FK_MODEL_SOURCE` (`EDITOR_SOURCE_VALUE_ID_`),
  KEY `ACT_FK_MODEL_SOURCE_EXTRA` (`EDITOR_SOURCE_EXTRA_VALUE_ID_`),
  KEY `ACT_FK_MODEL_DEPLOYMENT` (`DEPLOYMENT_ID_`),
  CONSTRAINT `ACT_FK_MODEL_DEPLOYMENT` FOREIGN KEY (`DEPLOYMENT_ID_`) REFERENCES `act_re_deployment` (`ID_`),
  CONSTRAINT `ACT_FK_MODEL_SOURCE` FOREIGN KEY (`EDITOR_SOURCE_VALUE_ID_`) REFERENCES `act_ge_bytearray` (`ID_`),
  CONSTRAINT `ACT_FK_MODEL_SOURCE_EXTRA` FOREIGN KEY (`EDITOR_SOURCE_EXTRA_VALUE_ID_`) REFERENCES `act_ge_bytearray` (`ID_`)
) ENGINE=InnoDB DEFAULT CHARSET=utf8 COLLATE=utf8_bin;

/*Data for the table `act_re_model` */

/*Table structure for table `act_re_procdef` */

DROP TABLE IF EXISTS `act_re_procdef`;

CREATE TABLE `act_re_procdef` (
  `ID_` varchar(64) COLLATE utf8_bin NOT NULL,
  `REV_` int(11) DEFAULT NULL,
  `CATEGORY_` varchar(255) COLLATE utf8_bin DEFAULT NULL,
  `NAME_` varchar(255) COLLATE utf8_bin DEFAULT NULL,
  `KEY_` varchar(255) COLLATE utf8_bin NOT NULL,
  `VERSION_` int(11) NOT NULL,
  `DEPLOYMENT_ID_` varchar(64) COLLATE utf8_bin DEFAULT NULL,
  `RESOURCE_NAME_` varchar(4000) COLLATE utf8_bin DEFAULT NULL,
  `DGRM_RESOURCE_NAME_` varchar(4000) COLLATE utf8_bin DEFAULT NULL,
  `DESCRIPTION_` varchar(4000) COLLATE utf8_bin DEFAULT NULL,
  `HAS_START_FORM_KEY_` tinyint(4) DEFAULT NULL,
  `SUSPENSION_STATE_` int(11) DEFAULT NULL,
  PRIMARY KEY (`ID_`),
  UNIQUE KEY `ACT_UNIQ_PROCDEF` (`KEY_`,`VERSION_`)
) ENGINE=InnoDB DEFAULT CHARSET=utf8 COLLATE=utf8_bin;

/*Data for the table `act_re_procdef` */

insert  into `act_re_procdef`(`ID_`,`REV_`,`CATEGORY_`,`NAME_`,`KEY_`,`VERSION_`,`DEPLOYMENT_ID_`,`RESOURCE_NAME_`,`DGRM_RESOURCE_NAME_`,`DESCRIPTION_`,`HAS_START_FORM_KEY_`,`SUSPENSION_STATE_`) values ('LeaveBillProcess:1:2004',1,'http://www.activiti.org/test','My process','LeaveBillProcess',1,'2001','LeaveBillProcess.bpmn','LeaveBillProcess.png',NULL,0,1),('baoxiao:1:904',1,'http://www.activiti.org/test','baoxiaoProcess','baoxiao',1,'901','baoxiaoprocess.bpmn','baoxiaoprocess.png',NULL,0,1),('baoxiaobill:1:2904',1,'http://www.activiti.org/test','baoxiaoProcess','baoxiaobill',1,'2901','baoxiaobill.bpmn','baoxiaobill.png',NULL,0,1),('leavebill:1:3404',1,'http://www.activiti.org/test','My process','leavebill',1,'3401','leavebill.bpmn','leavebill.png',NULL,0,1);

/*Table structure for table `act_ru_event_subscr` */

DROP TABLE IF EXISTS `act_ru_event_subscr`;

CREATE TABLE `act_ru_event_subscr` (
  `ID_` varchar(64) COLLATE utf8_bin NOT NULL,
  `REV_` int(11) DEFAULT NULL,
  `EVENT_TYPE_` varchar(255) COLLATE utf8_bin NOT NULL,
  `EVENT_NAME_` varchar(255) COLLATE utf8_bin DEFAULT NULL,
  `EXECUTION_ID_` varchar(64) COLLATE utf8_bin DEFAULT NULL,
  `PROC_INST_ID_` varchar(64) COLLATE utf8_bin DEFAULT NULL,
  `ACTIVITY_ID_` varchar(64) COLLATE utf8_bin DEFAULT NULL,
  `CONFIGURATION_` varchar(255) COLLATE utf8_bin DEFAULT NULL,
  `CREATED_` timestamp NOT NULL DEFAULT CURRENT_TIMESTAMP ON UPDATE CURRENT_TIMESTAMP,
  PRIMARY KEY (`ID_`),
  KEY `ACT_IDX_EVENT_SUBSCR_CONFIG_` (`CONFIGURATION_`),
  KEY `ACT_FK_EVENT_EXEC` (`EXECUTION_ID_`),
  CONSTRAINT `ACT_FK_EVENT_EXEC` FOREIGN KEY (`EXECUTION_ID_`) REFERENCES `act_ru_execution` (`ID_`)
) ENGINE=InnoDB DEFAULT CHARSET=utf8 COLLATE=utf8_bin;

/*Data for the table `act_ru_event_subscr` */

/*Table structure for table `act_ru_execution` */

DROP TABLE IF EXISTS `act_ru_execution`;

CREATE TABLE `act_ru_execution` (
  `ID_` varchar(64) COLLATE utf8_bin NOT NULL,
  `REV_` int(11) DEFAULT NULL,
  `PROC_INST_ID_` varchar(64) COLLATE utf8_bin DEFAULT NULL,
  `BUSINESS_KEY_` varchar(255) COLLATE utf8_bin DEFAULT NULL,
  `PARENT_ID_` varchar(64) COLLATE utf8_bin DEFAULT NULL,
  `PROC_DEF_ID_` varchar(64) COLLATE utf8_bin DEFAULT NULL,
  `SUPER_EXEC_` varchar(64) COLLATE utf8_bin DEFAULT NULL,
  `ACT_ID_` varchar(255) COLLATE utf8_bin DEFAULT NULL,
  `IS_ACTIVE_` tinyint(4) DEFAULT NULL,
  `IS_CONCURRENT_` tinyint(4) DEFAULT NULL,
  `IS_SCOPE_` tinyint(4) DEFAULT NULL,
  `IS_EVENT_SCOPE_` tinyint(4) DEFAULT NULL,
  `SUSPENSION_STATE_` int(11) DEFAULT NULL,
  `CACHED_ENT_STATE_` int(11) DEFAULT NULL,
  PRIMARY KEY (`ID_`),
  UNIQUE KEY `ACT_UNIQ_RU_BUS_KEY` (`PROC_DEF_ID_`,`BUSINESS_KEY_`),
  KEY `ACT_IDX_EXEC_BUSKEY` (`BUSINESS_KEY_`),
  KEY `ACT_FK_EXE_PROCINST` (`PROC_INST_ID_`),
  KEY `ACT_FK_EXE_PARENT` (`PARENT_ID_`),
  KEY `ACT_FK_EXE_SUPER` (`SUPER_EXEC_`),
  CONSTRAINT `ACT_FK_EXE_PARENT` FOREIGN KEY (`PARENT_ID_`) REFERENCES `act_ru_execution` (`ID_`),
  CONSTRAINT `ACT_FK_EXE_PROCDEF` FOREIGN KEY (`PROC_DEF_ID_`) REFERENCES `act_re_procdef` (`ID_`),
  CONSTRAINT `ACT_FK_EXE_PROCINST` FOREIGN KEY (`PROC_INST_ID_`) REFERENCES `act_ru_execution` (`ID_`) ON DELETE CASCADE ON UPDATE CASCADE,
  CONSTRAINT `ACT_FK_EXE_SUPER` FOREIGN KEY (`SUPER_EXEC_`) REFERENCES `act_ru_execution` (`ID_`)
) ENGINE=InnoDB DEFAULT CHARSET=utf8 COLLATE=utf8_bin;

/*Data for the table `act_ru_execution` */

insert  into `act_ru_execution`(`ID_`,`REV_`,`PROC_INST_ID_`,`BUSINESS_KEY_`,`PARENT_ID_`,`PROC_DEF_ID_`,`SUPER_EXEC_`,`ACT_ID_`,`IS_ACTIVE_`,`IS_CONCURRENT_`,`IS_SCOPE_`,`IS_EVENT_SCOPE_`,`SUSPENSION_STATE_`,`CACHED_ENT_STATE_`) values ('3405',1,'3405','baoxiaobill.20',NULL,'baoxiaobill:1:2904',NULL,'usertask1',1,0,1,0,1,2),('3412',5,'3412','leavebill.47',NULL,'leavebill:1:3404',NULL,'usertask3',1,0,1,0,1,2),('3448',4,'3448','leavebill.50',NULL,'leavebill:1:3404',NULL,'usertask3',1,0,1,0,1,2);

/*Table structure for table `act_ru_identitylink` */

DROP TABLE IF EXISTS `act_ru_identitylink`;

CREATE TABLE `act_ru_identitylink` (
  `ID_` varchar(64) COLLATE utf8_bin NOT NULL,
  `REV_` int(11) DEFAULT NULL,
  `GROUP_ID_` varchar(255) COLLATE utf8_bin DEFAULT NULL,
  `TYPE_` varchar(255) COLLATE utf8_bin DEFAULT NULL,
  `USER_ID_` varchar(255) COLLATE utf8_bin DEFAULT NULL,
  `TASK_ID_` varchar(64) COLLATE utf8_bin DEFAULT NULL,
  `PROC_INST_ID_` varchar(64) COLLATE utf8_bin DEFAULT NULL,
  `PROC_DEF_ID_` varchar(64) COLLATE utf8_bin DEFAULT NULL,
  PRIMARY KEY (`ID_`),
  KEY `ACT_IDX_IDENT_LNK_USER` (`USER_ID_`),
  KEY `ACT_IDX_IDENT_LNK_GROUP` (`GROUP_ID_`),
  KEY `ACT_IDX_ATHRZ_PROCEDEF` (`PROC_DEF_ID_`),
  KEY `ACT_FK_TSKASS_TASK` (`TASK_ID_`),
  KEY `ACT_FK_IDL_PROCINST` (`PROC_INST_ID_`),
  CONSTRAINT `ACT_FK_ATHRZ_PROCEDEF` FOREIGN KEY (`PROC_DEF_ID_`) REFERENCES `act_re_procdef` (`ID_`),
  CONSTRAINT `ACT_FK_IDL_PROCINST` FOREIGN KEY (`PROC_INST_ID_`) REFERENCES `act_ru_execution` (`ID_`),
  CONSTRAINT `ACT_FK_TSKASS_TASK` FOREIGN KEY (`TASK_ID_`) REFERENCES `act_ru_task` (`ID_`)
) ENGINE=InnoDB DEFAULT CHARSET=utf8 COLLATE=utf8_bin;

/*Data for the table `act_ru_identitylink` */

insert  into `act_ru_identitylink`(`ID_`,`REV_`,`GROUP_ID_`,`TYPE_`,`USER_ID_`,`TASK_ID_`,`PROC_INST_ID_`,`PROC_DEF_ID_`) values ('3411',1,NULL,'participant','zhang',NULL,'3405',NULL),('3418',1,NULL,'participant','zhang',NULL,'3412',NULL),('3447',1,NULL,'participant','mike',NULL,'3412',NULL),('3454',1,NULL,'participant','mike',NULL,'3448',NULL),('3483',1,NULL,'participant','danny',NULL,'3448',NULL),('3514',1,NULL,'participant','danny',NULL,'3412',NULL);

/*Table structure for table `act_ru_job` */

DROP TABLE IF EXISTS `act_ru_job`;

CREATE TABLE `act_ru_job` (
  `ID_` varchar(64) COLLATE utf8_bin NOT NULL,
  `REV_` int(11) DEFAULT NULL,
  `TYPE_` varchar(255) COLLATE utf8_bin NOT NULL,
  `LOCK_EXP_TIME_` timestamp NULL DEFAULT NULL,
  `LOCK_OWNER_` varchar(255) COLLATE utf8_bin DEFAULT NULL,
  `EXCLUSIVE_` tinyint(1) DEFAULT NULL,
  `EXECUTION_ID_` varchar(64) COLLATE utf8_bin DEFAULT NULL,
  `PROCESS_INSTANCE_ID_` varchar(64) COLLATE utf8_bin DEFAULT NULL,
  `PROC_DEF_ID_` varchar(64) COLLATE utf8_bin DEFAULT NULL,
  `RETRIES_` int(11) DEFAULT NULL,
  `EXCEPTION_STACK_ID_` varchar(64) COLLATE utf8_bin DEFAULT NULL,
  `EXCEPTION_MSG_` varchar(4000) COLLATE utf8_bin DEFAULT NULL,
  `DUEDATE_` timestamp NULL DEFAULT NULL,
  `REPEAT_` varchar(255) COLLATE utf8_bin DEFAULT NULL,
  `HANDLER_TYPE_` varchar(255) COLLATE utf8_bin DEFAULT NULL,
  `HANDLER_CFG_` varchar(4000) COLLATE utf8_bin DEFAULT NULL,
  PRIMARY KEY (`ID_`),
  KEY `ACT_FK_JOB_EXCEPTION` (`EXCEPTION_STACK_ID_`),
  CONSTRAINT `ACT_FK_JOB_EXCEPTION` FOREIGN KEY (`EXCEPTION_STACK_ID_`) REFERENCES `act_ge_bytearray` (`ID_`)
) ENGINE=InnoDB DEFAULT CHARSET=utf8 COLLATE=utf8_bin;

/*Data for the table `act_ru_job` */

/*Table structure for table `act_ru_task` */

DROP TABLE IF EXISTS `act_ru_task`;

CREATE TABLE `act_ru_task` (
  `ID_` varchar(64) COLLATE utf8_bin NOT NULL,
  `REV_` int(11) DEFAULT NULL,
  `EXECUTION_ID_` varchar(64) COLLATE utf8_bin DEFAULT NULL,
  `PROC_INST_ID_` varchar(64) COLLATE utf8_bin DEFAULT NULL,
  `PROC_DEF_ID_` varchar(64) COLLATE utf8_bin DEFAULT NULL,
  `NAME_` varchar(255) COLLATE utf8_bin DEFAULT NULL,
  `PARENT_TASK_ID_` varchar(64) COLLATE utf8_bin DEFAULT NULL,
  `DESCRIPTION_` varchar(4000) COLLATE utf8_bin DEFAULT NULL,
  `TASK_DEF_KEY_` varchar(255) COLLATE utf8_bin DEFAULT NULL,
  `OWNER_` varchar(255) COLLATE utf8_bin DEFAULT NULL,
  `ASSIGNEE_` varchar(255) COLLATE utf8_bin DEFAULT NULL,
  `DELEGATION_` varchar(64) COLLATE utf8_bin DEFAULT NULL,
  `PRIORITY_` int(11) DEFAULT NULL,
  `CREATE_TIME_` timestamp NOT NULL DEFAULT CURRENT_TIMESTAMP ON UPDATE CURRENT_TIMESTAMP,
  `DUE_DATE_` datetime DEFAULT NULL,
  `SUSPENSION_STATE_` int(11) DEFAULT NULL,
  PRIMARY KEY (`ID_`),
  KEY `ACT_IDX_TASK_CREATE` (`CREATE_TIME_`),
  KEY `ACT_FK_TASK_EXE` (`EXECUTION_ID_`),
  KEY `ACT_FK_TASK_PROCINST` (`PROC_INST_ID_`),
  KEY `ACT_FK_TASK_PROCDEF` (`PROC_DEF_ID_`),
  CONSTRAINT `ACT_FK_TASK_EXE` FOREIGN KEY (`EXECUTION_ID_`) REFERENCES `act_ru_execution` (`ID_`),
  CONSTRAINT `ACT_FK_TASK_PROCDEF` FOREIGN KEY (`PROC_DEF_ID_`) REFERENCES `act_re_procdef` (`ID_`),
  CONSTRAINT `ACT_FK_TASK_PROCINST` FOREIGN KEY (`PROC_INST_ID_`) REFERENCES `act_ru_execution` (`ID_`)
) ENGINE=InnoDB DEFAULT CHARSET=utf8 COLLATE=utf8_bin;

/*Data for the table `act_ru_task` */

insert  into `act_ru_task`(`ID_`,`REV_`,`EXECUTION_ID_`,`PROC_INST_ID_`,`PROC_DEF_ID_`,`NAME_`,`PARENT_TASK_ID_`,`DESCRIPTION_`,`TASK_DEF_KEY_`,`OWNER_`,`ASSIGNEE_`,`DELEGATION_`,`PRIORITY_`,`CREATE_TIME_`,`DUE_DATE_`,`SUSPENSION_STATE_`) values ('3410',1,'3405','3405','baoxiaobill:1:2904','员工申请报销',NULL,NULL,'usertask1',NULL,'zhang',NULL,50,'2020-08-29 16:26:24',NULL,1),('3513',1,'3412','3412','leavebill:1:3404','总经理审批',NULL,NULL,'usertask3',NULL,'danny',NULL,50,'2020-08-29 16:32:44',NULL,1),('3517',1,'3448','3448','leavebill:1:3404','总经理审批',NULL,NULL,'usertask3',NULL,'danny',NULL,50,'2020-08-29 16:33:00',NULL,1);

/*Table structure for table `act_ru_variable` */

DROP TABLE IF EXISTS `act_ru_variable`;

CREATE TABLE `act_ru_variable` (
  `ID_` varchar(64) COLLATE utf8_bin NOT NULL,
  `REV_` int(11) DEFAULT NULL,
  `TYPE_` varchar(255) COLLATE utf8_bin NOT NULL,
  `NAME_` varchar(255) COLLATE utf8_bin NOT NULL,
  `EXECUTION_ID_` varchar(64) COLLATE utf8_bin DEFAULT NULL,
  `PROC_INST_ID_` varchar(64) COLLATE utf8_bin DEFAULT NULL,
  `TASK_ID_` varchar(64) COLLATE utf8_bin DEFAULT NULL,
  `BYTEARRAY_ID_` varchar(64) COLLATE utf8_bin DEFAULT NULL,
  `DOUBLE_` double DEFAULT NULL,
  `LONG_` bigint(20) DEFAULT NULL,
  `TEXT_` varchar(4000) COLLATE utf8_bin DEFAULT NULL,
  `TEXT2_` varchar(4000) COLLATE utf8_bin DEFAULT NULL,
  PRIMARY KEY (`ID_`),
  KEY `ACT_IDX_VARIABLE_TASK_ID` (`TASK_ID_`),
  KEY `ACT_FK_VAR_EXE` (`EXECUTION_ID_`),
  KEY `ACT_FK_VAR_PROCINST` (`PROC_INST_ID_`),
  KEY `ACT_FK_VAR_BYTEARRAY` (`BYTEARRAY_ID_`),
  CONSTRAINT `ACT_FK_VAR_BYTEARRAY` FOREIGN KEY (`BYTEARRAY_ID_`) REFERENCES `act_ge_bytearray` (`ID_`),
  CONSTRAINT `ACT_FK_VAR_EXE` FOREIGN KEY (`EXECUTION_ID_`) REFERENCES `act_ru_execution` (`ID_`),
  CONSTRAINT `ACT_FK_VAR_PROCINST` FOREIGN KEY (`PROC_INST_ID_`) REFERENCES `act_ru_execution` (`ID_`)
) ENGINE=InnoDB DEFAULT CHARSET=utf8 COLLATE=utf8_bin;

/*Data for the table `act_ru_variable` */

insert  into `act_ru_variable`(`ID_`,`REV_`,`TYPE_`,`NAME_`,`EXECUTION_ID_`,`PROC_INST_ID_`,`TASK_ID_`,`BYTEARRAY_ID_`,`DOUBLE_`,`LONG_`,`TEXT_`,`TEXT2_`) values ('3407',1,'string','objId','3405','3405',NULL,NULL,NULL,NULL,'baoxiaobill.20',NULL),('3408',1,'string','inputUser','3405','3405',NULL,NULL,NULL,NULL,'zhang',NULL),('3414',1,'string','objId','3412','3412',NULL,NULL,NULL,NULL,'leavebill.47',NULL),('3415',1,'string','userId','3412','3412',NULL,NULL,NULL,NULL,'zhang',NULL),('3444',1,'integer','role','3412','3412',NULL,NULL,NULL,1,'1',NULL),('3450',1,'string','objId','3448','3448',NULL,NULL,NULL,NULL,'leavebill.50',NULL),('3451',1,'string','userId','3448','3448',NULL,NULL,NULL,NULL,'mike',NULL),('3480',1,'integer','role','3448','3448',NULL,NULL,NULL,2,'2',NULL),('3485',2,'string','message','3412','3412',NULL,NULL,NULL,NULL,'同意',NULL),('3499',1,'string','message','3448','3448',NULL,NULL,NULL,NULL,'驳回',NULL);

/*Table structure for table `baoxiaobill` */

DROP TABLE IF EXISTS `baoxiaobill`;

CREATE TABLE `baoxiaobill` (
  `id` bigint(20) NOT NULL AUTO_INCREMENT,
  `money` decimal(8,2) NOT NULL,
  `title` varchar(200) NOT NULL,
  `remark` varchar(500) NOT NULL,
  `creatdate` datetime NOT NULL,
  `state` int(11) NOT NULL,
  `user_id` int(11) NOT NULL,
  PRIMARY KEY (`id`)
) ENGINE=InnoDB AUTO_INCREMENT=21 DEFAULT CHARSET=utf8;

/*Data for the table `baoxiaobill` */

insert  into `baoxiaobill`(`id`,`money`,`title`,`remark`,`creatdate`,`state`,`user_id`) values (10,'6666.00','报销流程测试1','报销流程测试1','2020-08-27 09:18:26',2,5),(11,'666.00','报销流程测试2','报销流程测试2','2020-08-27 10:56:44',2,5),(12,'8888.00','报销流程测试3','报销流程测试3','2020-08-27 11:21:27',2,5),(13,'998.00','报销流程测试4','报销流程测试4','2020-08-27 11:27:11',2,5),(14,'6666.00','新报销流程测试01','新报销流程测试01','2020-08-29 15:37:55',2,5),(15,'8888.00','新报销流程测试001','新报销流程测试001','2020-08-29 15:39:04',2,3),(16,'666.00','新报销流程测试02','新报销流程测试02','2020-08-29 15:40:47',2,5),(17,'668.00','新报销流程测试03','新报销流程测试02','2020-08-29 15:42:51',2,5),(18,'998.00','新报销流程测试002','新报销流程测试002','2020-08-29 15:43:27',2,3),(19,'8889.00','新报销流程测试03','新报销流程测试03','2020-08-29 15:46:48',2,5),(20,'3.00','新请假流程001','新请假流程001','2020-08-29 16:26:24',1,5);

/*Table structure for table `employee` */

DROP TABLE IF EXISTS `employee`;

CREATE TABLE `employee` (
  `id` bigint(20) NOT NULL AUTO_INCREMENT,
  `name` varchar(255) DEFAULT NULL,
  `password` varchar(255) DEFAULT NULL,
  `email` varchar(255) DEFAULT NULL,
  `role` int(2) DEFAULT NULL,
  `manager_id` bigint(20) DEFAULT NULL,
  `salt` varchar(50) DEFAULT NULL,
  PRIMARY KEY (`id`),
  UNIQUE KEY `name` (`name`),
  UNIQUE KEY `email` (`email`),
  KEY `FK4722E6AEC8CB2A1E` (`manager_id`),
  CONSTRAINT `FK4722E6AEC8CB2A1E` FOREIGN KEY (`manager_id`) REFERENCES `employee` (`id`)
) ENGINE=InnoDB AUTO_INCREMENT=10 DEFAULT CHARSET=utf8;

/*Data for the table `employee` */

insert  into `employee`(`id`,`name`,`password`,`email`,`role`,`manager_id`,`salt`) values (1,'danny','e3f99a144dacb73f2d69aaddd4c71724','wangzhongjun@163.com',3,1,'eteokues'),(2,'jack','e3f99a144dacb73f2d69aaddd4c71724','fengxiaogangManager@163.com',2,1,'eteokues'),(3,'mike','e3f99a144dacb73f2d69aaddd4c71724','fanbingbingManager@163.com',2,1,'eteokues'),(4,'chen','e3f99a144dacb73f2d69aaddd4c71724','fengxiaogang@163.com',6,2,'eteokues'),(5,'zhang','e3f99a144dacb73f2d69aaddd4c71724','zhangsan@163.com',1,3,'eteokues'),(6,'li','e3f99a144dacb73f2d69aaddd4c71724','li@qq.com',4,1,'eteokues'),(8,'mayun','17be54f75e9ba2be46ff0b04bba025cc','teacherma@qq.com',3,8,'eteokues'),(9,'laoluo','17be54f75e9ba2be46ff0b04bba025cc','teacherluo@qq.com',2,8,'eteokues');

/*Table structure for table `leavebill` */

DROP TABLE IF EXISTS `leavebill`;

CREATE TABLE `leavebill` (
  `id` bigint(20) NOT NULL AUTO_INCREMENT,
  `days` int(11) DEFAULT NULL,
  `content` varchar(255) DEFAULT NULL,
  `remark` varchar(255) DEFAULT NULL,
  `leaveDate` datetime DEFAULT NULL,
  `state` int(11) DEFAULT NULL,
  `user_id` bigint(20) DEFAULT NULL,
  PRIMARY KEY (`id`),
  KEY `FK62FCB35E2B4D7140` (`user_id`),
  CONSTRAINT `FK62FCB35E2B4D7140` FOREIGN KEY (`user_id`) REFERENCES `employee` (`id`)
) ENGINE=InnoDB AUTO_INCREMENT=53 DEFAULT CHARSET=utf8;

/*Data for the table `leavebill` */

insert  into `leavebill`(`id`,`days`,`content`,`remark`,`leaveDate`,`state`,`user_id`) values (18,20,'年假','回家结婚','2018-11-12 14:57:25',2,5),(19,10,'请假测试01','去旅游','2019-03-14 09:51:12',0,5),(20,8,'请假测试02','回家过年','2019-03-14 15:22:45',2,5),(24,1,'请假流程测试1','请假流程测试1','2020-08-26 20:01:24',2,5),(25,5,'请假流程测试2','请假流程测试2','2020-08-27 11:18:52',2,5),(26,6,'请假流程测试3','请假流程测试3','2020-08-27 11:39:29',2,5),(27,1,'请假流程测试4','请假流程测试4','2020-08-28 09:09:49',1,5),(30,1,'新请假流程测试01','新请假流程测试01','2020-08-29 10:33:00',2,5),(31,2,'新请假流程测试02','新请假流程测试02','2020-08-29 10:45:16',1,5),(32,3,'新请假流程测试03','新请假流程测试03','2020-08-29 11:00:09',1,5),(33,2,'新请假流程测试001','新请假流程测试001','2020-08-29 11:09:59',2,5),(34,3,'新请假流程测试002','新请假流程测试002新请假流程测试002新请假流程测试002','2020-08-29 11:20:43',2,5),(35,1,'新请假流程测试01','新请假流程测试01','2020-08-29 11:54:21',2,5),(36,3,'新请假流程测试02','新请假流程测试01','2020-08-29 14:14:57',2,5),(37,5,'新请假流程测试03','新请假流程测试03新请假流程测试02	新请假流程测试02','2020-08-29 14:35:19',2,5),(38,6,'新请假流程测试04','新请假流程测试04新请假流程测试04新请假流程测试04新请假流程测试04新请假流程测试04','2020-08-29 14:39:12',1,5),(39,1,'部门经理请假测试01','部门经理请假测试01','2020-08-29 14:41:23',1,3),(40,3,'新请假流程01','新请假流程01','2020-08-29 16:04:56',1,5),(41,1,'新请假流程02','新请假流程02','2020-08-29 16:05:11',1,5),(42,10,'新请假流程03','新请假流程03','2020-08-29 16:05:24',1,5),(43,30,'新请假流程04','新请假流程04','2020-08-29 16:05:44',2,5),(44,3,'部门经理请假01','部门经理请假01','2020-08-29 16:07:05',1,3),(45,10,'部门经理请假02','部门经理请假02','2020-08-29 16:07:15',1,3),(46,30,'部门经理请假03','部门经理请假03','2020-08-29 16:07:28',1,3),(47,10,'新请假流程002','新请假流程002','2020-08-29 16:26:35',1,5),(48,30,'新请假流程003','新请假流程003','2020-08-29 16:26:46',2,5),(49,10,'新请假流程002','新请假流程002','2020-08-29 16:27:11',2,5),(50,3,'部门经理请假001','部门经理请假001','2020-08-29 16:28:41',1,3),(51,10,'部门经理请假002','部门经理请假002','2020-08-29 16:28:50',2,3),(52,30,'部门经理请假003','部门经理请假003','2020-08-29 16:29:00',2,3);

/*Table structure for table `sys_permission` */

DROP TABLE IF EXISTS `sys_permission`;

CREATE TABLE `sys_permission` (
  `id` bigint(20) NOT NULL AUTO_INCREMENT COMMENT '主键',
  `name` varchar(128) NOT NULL COMMENT '资源名称',
  `type` varchar(32) NOT NULL COMMENT '资源类型：menu,button,',
  `url` varchar(128) DEFAULT NULL COMMENT '访问url地址',
  `percode` varchar(128) DEFAULT NULL COMMENT '权限代码字符串',
  `parentid` bigint(20) DEFAULT NULL COMMENT '父结点id',
  `parentids` varchar(128) DEFAULT NULL COMMENT '父结点id列表串',
  `sortstring` varchar(128) DEFAULT NULL COMMENT '排序号',
  `available` char(1) DEFAULT NULL COMMENT '是否可用,1：可用，0不可用',
  PRIMARY KEY (`id`)
) ENGINE=InnoDB AUTO_INCREMENT=21 DEFAULT CHARSET=utf8;

/*Data for the table `sys_permission` */

insert  into `sys_permission`(`id`,`name`,`type`,`url`,`percode`,`parentid`,`parentids`,`sortstring`,`available`) values (1,'权限','','',NULL,0,'0/','0','1'),(2,'系统管理','menu','','user:manager',1,'0/1/','1','1'),(3,'用户管理','menu|permission','findUserList','user:query',2,'0/1/2/','','1'),(4,'用户列表','menu|permission','employeelist','user:employeelist',2,'0/1/2/',NULL,'1'),(5,'角色添加','menu|permission','toAddRole','user:create',2,'0/1/2/','','1'),(6,'角色列表','menu|permission','findRoles','user:rolelist',2,'0/1/2/',NULL,'1'),(7,'用户添加','permission','employeeadd','user:add',2,NULL,NULL,'1'),(8,'请假管理','menu','','leave:manager',1,'0/1/','2','1'),(9,'请假申请','menu|permission','jsp/apply_leave.jsp','leave:apply',8,'0/1/7/',NULL,'1'),(10,'我的请假单','menu|permission','myLeaveBill','leave:billquery',8,'0/1/7/',NULL,'1'),(11,'我的代办事务','menu|permission','myTaskList?flag=1','leave:tasklist',8,'0/1/7/',NULL,'1'),(12,'报销管理','menu','','baoxiao:manager',1,'0/1/','3','1'),(13,'报销申请','menu|permission','jsp/apply_baoxiao.jsp','baoxiao:apply',12,'0/1/11/','','1'),(14,'我的报销单','menu|permission','myBaoxiaoBill','baoxiao:billquery',12,'0/1/11/','','1'),(15,'我的待办事务','menu|permission','myTaskList?flag=2','baoxiao:tasklist',12,'0/1/11/','','1'),(16,'流程管理','menu','','workflow:process',1,'0/1/','4','1'),(17,'发布流程','menu|permission','jsp/add_process.jsp','workflow:publish',16,'0/1/15/','','1'),(18,'查看流程','menu|permission','processDefinitionList','workflow:processlist',16,'0/1/15/','','1'),(19,'删除流程定义','permission','deploymentdel','workflow:remove',16,NULL,NULL,'1'),(20,'查看流程定义图','permission','viewImage','workflow:viewimage',16,NULL,NULL,'1');

/*Table structure for table `sys_role` */

DROP TABLE IF EXISTS `sys_role`;

CREATE TABLE `sys_role` (
  `id` varchar(36) NOT NULL,
  `name` varchar(128) NOT NULL,
  `available` char(1) DEFAULT NULL COMMENT '是否可用,1：可用，0不可用',
  PRIMARY KEY (`id`)
) ENGINE=InnoDB DEFAULT CHARSET=utf8;

/*Data for the table `sys_role` */

insert  into `sys_role`(`id`,`name`,`available`) values ('1','普通员工','1'),('2','部门经理','1'),('3','总经理','1'),('4','财务','1'),('5','后勤主管','1'),('6','保安队长','1');

/*Table structure for table `sys_role_permission` */

DROP TABLE IF EXISTS `sys_role_permission`;

CREATE TABLE `sys_role_permission` (
  `id` varchar(36) NOT NULL,
  `sys_role_id` varchar(36) NOT NULL COMMENT '角色id',
  `sys_permission_id` varchar(36) NOT NULL COMMENT '权限id',
  PRIMARY KEY (`id`)
) ENGINE=InnoDB DEFAULT CHARSET=utf8;

/*Data for the table `sys_role_permission` */

insert  into `sys_role_permission`(`id`,`sys_role_id`,`sys_permission_id`) values ('050349fa-a103-46d0-9c56-9241c2ef5596','3','6'),('0b2db4d7-a930-4511-930d-7722fcf53c1e','6','16'),('0b615885-42a5-42e6-bf49-eb37b003f8ca','3','16'),('0e89d636-1fb9-4f60-a8b1-6bdca9ff0ec3','1','2'),('1854c5f3-4808-420f-912d-4a85f3b8620c','2','18'),('187b950f-ae97-4ca6-8395-ddb0d8826808','6','14'),('1e5ef559-0a0a-4a49-b483-6285acf2cb40','2','8'),('281eb30e-d6e9-4744-9c7c-a1b94b08f902','5','11'),('2bbe3e43-3a21-45a2-989e-0950a5319933','3','4'),('2c0a519e-24e8-45d0-9fdf-1e4af0a546f3','5','13'),('2f0f96c7-684a-4a57-b4d1-2523d58e6bb1','6','15'),('370ee0bb-426c-4a50-bc02-e043610c1619','3','5'),('386a9004-5426-4740-b261-f334fd86ad6d','4','11'),('3a18e041-5614-449e-bf94-920d8576b29b','1','15'),('3cd9b779-27ac-4e4e-a2d3-752bddf3cd30','3','12'),('3e74bbb8-dbff-4832-b57f-0775d8487d71','4','2'),('41b4cea4-8cf6-4cd1-a024-cdb202d0aa86','3','15'),('4208879a-b8bb-49fd-975b-aa4cd47fc4f6','1','20'),('4240c57b-8289-408d-b8ff-4ccdc3db4197','5','15'),('452b8d86-868c-415b-9298-583c01ca2bef','2','11'),('49e32141-ec10-4d72-b1f9-98f94c09a287','6','13'),('4f1a26f7-e50c-407c-bae4-6cff4a67fc58','3','11'),('5ea7f442-2673-4c83-aef3-bb916d85aa5e','3','3'),('644ee757-31a6-4e05-a323-6f4bcf89f1f4','1','12'),('685e42ea-3b52-4dbf-b053-7b0e4ca854fb','1','16'),('6b7b3c49-b85d-4a13-aa92-846e9e24f525','5','9'),('6edcd992-5650-4c18-9db2-34042667db92','5','4'),('768456f1-4388-4f59-8c22-90262d62d890','4','9'),('7cf9679a-93f4-4b3d-8070-26bd3f18228b','4','15'),('7ebfb149-c1cf-408d-98cf-03b09d1af397','2','15'),('80410f90-2e26-41a7-8033-d55033dd2d59','5','12'),('83d5fc3f-9fb6-4306-8872-79ef001b7cd5','2','2'),('85fa3f8f-908c-4234-b90e-ed969ab21626','1','13'),('917c6ff8-2a86-4e6f-8e93-6e1a1bb3dd1b','2','9'),('92c35e66-f7c7-4826-988f-c949494f1c2d','5','8'),('945a34af-3c4f-4476-85a1-c1f8b593ade4','2','14'),('9619ae9f-3f39-44ab-b176-1bfeaa586da0','2','20'),('977879e5-d5a5-4504-b2a7-45ab737a900d','1','9'),('98e38d89-e869-4e13-8d66-25b56942ec9e','3','8'),('999bc742-3633-4d48-a5dd-d647726aedad','6','9'),('99ec8d7c-654e-4136-8492-22c7dd0bde0e','5','18'),('9a03c09c-011b-41a2-ac48-d903797724b0','1','10'),('9b62ab0d-1654-41e5-8f3c-c230731eee2d','4','4'),('9dd87db8-f622-46c6-beb9-afa68786d43f','6','18'),('a35bc825-9d14-4f80-8404-7e06937c3995','3','17'),('a5ac3328-7cf1-455e-9230-32a80b3d3976','2','16'),('a7bdb3b2-60f0-41f1-8445-a7431c3ed3a7','4','16'),('a7d2e16e-3ddb-40fe-83e9-9a17f6fa4e7e','2','13'),('a9b0858e-5e25-431c-a764-72e8b3d110b1','1','8'),('b2f45169-a920-4fbe-8916-bf657ff5164e','4','10'),('b6e17cf0-3fec-46ef-8bdc-e999a05ae920','5','20'),('b6e59a6d-cfcb-40d0-af4d-c4da285a0155','6','10'),('b85863cd-4334-4b20-b87a-1521cb9202ce','6','8'),('bd61754f-98a8-4a36-86da-976bf571c29d','3','18'),('c205c46c-875a-4e3a-b279-198b9774df78','6','12'),('c44b823d-3b58-415e-bcbf-7d8289b11168','5','10'),('c4bdff51-35ce-40de-a5ad-eeece786e88c','5','14'),('c9f78aed-b7d3-40c6-952e-1f03cf4e73c2','2','10'),('d0bb1a0a-ae05-439d-8c80-8a8de66c0b6e','4','12'),('d172e433-4f6b-4068-a6a2-128dab105419','2','4'),('d4624189-30b6-4892-8a1d-c6a0ae49da13','6','2'),('d497702d-cc05-4a7c-9dcb-d710d9a19ed6','3','20'),('d4d5ac6d-8cce-419c-9084-2c257247eee1','3','19'),('da9f629f-a505-4ae7-a06b-753dc68b0bfb','1','11'),('ded3ba75-7991-4258-8965-d1b940b78eed','3','7'),('e66dbf4b-38fe-4ef8-86c7-64e1a3cfce66','4','8'),('e9d6f4b9-3e90-4a3d-b073-2a065f0b2d30','1','4'),('ecca4e02-1af3-47b2-aac2-0edd75ed7337','6','4'),('f9f6bc62-a615-4508-92c0-035e287d71e6','6','11'),('fa39c9f7-768f-45c6-a63e-56e6ae876e70','3','2'),('fb3edb9d-a250-4c71-a30f-4580010ee4fa','2','12'),('fbca6bf8-f178-496f-8954-921bf6b1efc0','1','14'),('fc4dddad-61e4-4df3-a1d5-bb58a3a262b2','4','20');

/*Table structure for table `sys_user_role` */

DROP TABLE IF EXISTS `sys_user_role`;

CREATE TABLE `sys_user_role` (
  `id` varchar(36) NOT NULL,
  `sys_user_id` varchar(36) NOT NULL,
  `sys_role_id` varchar(36) NOT NULL,
  PRIMARY KEY (`id`)
) ENGINE=InnoDB DEFAULT CHARSET=utf8;

/*Data for the table `sys_user_role` */

insert  into `sys_user_role`(`id`,`sys_user_id`,`sys_role_id`) values ('1','danny','3'),('2','jack','2'),('3','mike','2'),('4','chen','6'),('5','zhang','1'),('6','li','4'),('8','mayun','3'),('9','laoluo','2');

/*!40101 SET SQL_MODE=@OLD_SQL_MODE */;
/*!40014 SET FOREIGN_KEY_CHECKS=@OLD_FOREIGN_KEY_CHECKS */;
/*!40014 SET UNIQUE_CHECKS=@OLD_UNIQUE_CHECKS */;
/*!40111 SET SQL_NOTES=@OLD_SQL_NOTES */;
